分類,施設名,所在地,緯度,経度,電話番号,FAX番号,駐車可能台数,トイレ,多目的トイレ,授乳室,AED,一次避難所,URL,主な業務・施設概要,,,,,,,,,,,,
保健所・教育総合センター,はぐくみセンター(保健所・教育総合センター),奈良県奈良市三条本町13-1,34.679181,135.817365,0742-34-2303,0742-34-4852,116,○,○,○,○,―,http://www.city.nara.lg.jp/www/contents/1363929842528/index.html,―,,,,,,,,,,,,
市役所・出張所・行政センター・連絡所等,市庁(市役所),奈良県奈良市二条大路南1-1-1,34.685072,135.804848,0742-34-1111,0742-36-3552,240,○,○,○,○,―,http://www.city.nara.lg.jp/www/contents/1148449929945/index.html,―,,,,,,,,,,,,
市役所・出張所・行政センター・連絡所等,市民サービスセンター,奈良県奈良市西大寺東町2-4-1ならファミリー5F,34.694884,135.785088,0742-36-5913,―,2000,○,○,○,○,―,http://www.city.nara.lg.jp/www/contents/1148882378839/index.html,▼住民票の写し、住民票記載事項証明書の交付▼印鑑登録証明書、年金現況証明書の交付▼戸(除)籍全部・個人事項証明及び改製原戸籍謄抄本、並びに戸籍の附票の交付▼市税、国民健康保険料、介護保険料、後期高齢者医療保険料の納付※税務証明書(所得証明・課税証明等)の交付業務は取り扱っていません。※土・日・祝は一部交付できない証明があります。,,,,,,,,,,,,
墓地・火葬場,東山霊苑火葬場,奈良県奈良市白毫寺町973,34.669077,135.849699,―,―,10,○,○,―,○,―,http://www.city.nara.lg.jp/www/contents/1210569206415/index.html,―,,,,,,,,,,,,
墓地・火葬場,七条町南山墓地,奈良県奈良市七条西町1-19,34.662867,135.775394,―,―,0,―,―,―,―,―,http://www.city.nara.lg.jp/www/contents/1210569206415/index.html,―,,,,,,,,,,,,
墓地・火葬場,寺山霊苑,奈良県奈良市白毫寺町984-3,34.670935,135.852445,0742-22-7022,―,0,○,―,―,―,―,http://www.city.nara.lg.jp/www/contents/1210569206415/index.html,―,,,,,,,,,,,,
病院・診療所,市立奈良病院,奈良県奈良市東紀寺町1-50-1,34.671954,135.835311,0742-24-1251,―,230,○,○,○,○,―,http://www.nara-jadecom.jp/,―,,,,,,,,,,,,
病院・診療所,田原診療所,奈良県奈良市横田町336-1,34.658256,135.910348,0742-81-0027,―,12,○,―,―,○,―,http://www.city.nara.lg.jp/www/contents/1205826226058/index.html,―,,,,,,,,,,,,
病院・診療所,柳生診療所,奈良県奈良市邑地町2786,34.719574,135.979065,0742-94-0210,―,10,○,―,―,○,―,http://www.city.nara.lg.jp/www/contents/1206515957032/index.html,―,,,,,,,,,,,,
病院・診療所,月ヶ瀬診療所,奈良県奈良市月ヶ瀬尾山2790,34.711068,136.044644,0743-92-0030,―,24,○,―,―,○,―,http://www.city.nara.lg.jp/www/contents/1206514933096/index.html,―,,,,,,,,,,,,
病院・診療所,興東診療所,奈良県奈良市大柳生町4254,34.716053,135.92278,0742-93-0130,―,8,○,○,―,○,―,http://www.city.nara.lg.jp/www/contents/1462958608491/index.html,―,,,,,,,,,,,,
病院・診療所,都祁診療所,奈良県奈良市都祁白石町1084,34.60388,135.957412,0743-82-1411,―,10,○,○,―,○,―,http://www.city.nara.lg.jp/www/contents/1206515521860/index.html,―,,,,,,,,,,,,
病院・診療所,休日夜間応急診療所,奈良県奈良市柏木町519-28,34.672804,135.800144,0742-34-1228,―,39,○,○,○,○,―,http://www.city.nara.lg.jp/www/contents/1177026292738/index.html,―,,,,,,,,,,,,
病院・診療所,休日歯科応急診療所,奈良県奈良市左京5-3-1総合福祉センター2F,34.715787,135.80983,0742-70-4182,―,146,○,○,―,○,―,http://www.city.nara.lg.jp/www/contents/1177026292738/index.html,―,,,,,,,,,,,,
看護専門学校,看護専門学校,奈良県奈良市紀寺町371-2,34.669231,135.832682,0742-81-3301,0742-81-3302,1,○,○,―,―,―,http://naracns.jp,奈良市立看護専門学校は、看護師養成のため、平成25年4月開校。,,,,,,,,,,,,
市役所・出張所・行政センター・連絡所等,西部出張所,奈良県奈良市学園南3-1-5西部会館2F,34.696719,135.75023,0742-44-1005,0742-48-3254,77,○,○,―,○,―,http://www.city.nara.lg.jp/www/genre/0000000000000/1000000000714/index.html,―,,,,,,,,,,,,
市役所・出張所・行政センター・連絡所等,月ヶ瀬行政センター,奈良県奈良市月ヶ瀬尾山2845,34.709494,136.044084,0743-92-0131,0743-92-0320,39,○,―,―,○,―,http://www.city.nara.lg.jp/www/genre/0000000000000/1000000000794/index.html,―,,,,,,,,,,,,
観光施設,梅の郷月ヶ瀬温泉,奈良県奈良市月ヶ瀬尾山2681,34.714169,136.047192,0743-92-0388,―,150,○,―,―,○,―,http://tsukigaseonsen.com/,奈良県北東部と京都府、三重県との県境に位置する自然豊かな、奈良市月ヶ瀬で楽しむことができる「梅の郷月ヶ瀬温泉」。春には梅の木が立ち並ぶ月ヶ瀬の美しい景色は、1992年、我が国最初の名勝地として指定されました。 四季折々の景色を眺めながらの、展望露天風呂・内風呂・サウナ・お食事などゆったりとした時間をお過ごしいただける山間の素朴な温泉です。 平成26年2月1日にリニューアルオープンし、新しく「展望露天風呂」が登場いたしました。,,,,,,,,,,,,
観光施設,月ヶ瀬梅の資料館,奈良県奈良市月ヶ瀬長引21-8,34.706964,136.031454,0743-92-0300,0743-92-0556,14,○,―,―,―,―,http://web1.kcn.jp/tukigase-umeno-siryoukan/,鉄筋コンクリート造りの3階建てで、1階は梅を使った地元特産品の販売コーナー・月ヶ瀬の季節の移り変りをご覧頂ける視聴コーナー・月ヶ瀬の花の種類の紹介コーナーなどでさまざまな情報を発信しています。2階は斉藤拙堂・富岡鉄斎など月ヶ瀬を来遊した著名人の書画・書籍など観梅にかかわる資料を展示する展示室と収納庫、会議室となっています。 また会議室の外には回廊がありダム湖と山間の木々の織り成す景色堪能ください。3階は展望台で、鮮やかな朱色にかがやく月ヶ瀬橋と水面に映る花・木々の風情を感じることが出来ます。,,,,,,,,,,,,
観光施設,月ヶ瀬温泉ふれあい市場,奈良県奈良市月ヶ瀬尾山2681,34.714533,136.047038,0743-92-0801,―,30,○,―,―,―,―,http://tukigase-fureaiichiba.com/index.html,―,,,,,,,,,,,,
観光施設,"湖畔の里""つきがせ""",奈良県奈良市月ヶ瀬桃香野4267-5,34.706749,136.015779,0743-92-0066,―,45,○,―,―,―,―,http://kohannosato.com/,―,,,,,,,,,,,,
観光施設,ロマントピア月ヶ瀬,奈良県奈良市月ヶ瀬長引410-1,34.711392,136.035639,0743-92-0810,―,100,○,○,―,―,―,http://romantopia.sakura.ne.jp/index.php,ロマントピア月ヶ瀬は、農林漁業体験実習館・多目的広場・伝統工芸伝承教室などの総合施設です。春は梅まつり、夏は梅の実採り・茶摘み体験、秋は収穫祭、冬はクリスマス楽イブ、年間を通してこんにゃく作り・餅つきなど多彩な催しや体験が味わえます。ご希望の体験がございましたら、遠慮なくお申し付けください。,,,,,,,,,,,,
観光施設,梅の里ふれあい館,奈良県奈良市月ヶ瀬尾山106-1,34.707764,136.036806,0743-92-0981,―,0,○,―,―,―,―,―,地域の資源を有効活用し、地域の特産物及び文化の紹介等を行うことにより、地域の農業及び観光の振興を図るための伝統的家屋交流施設,,,,,,,,,,,,
産業関連施設,月ヶ瀬粉末茶加工施設,奈良県奈良市月ヶ瀬尾山2796-2,34.710498,136.045688,―,―,0,○,―,―,―,―,―,粉末茶の加工を行うことにより茶の生産を振興し、茶業の維持発展を図るための施設,,,,,,,,,,,,
産業関連施設,月ヶ瀬農畜産物処理加工施設,奈良県奈良市月ヶ瀬尾山2763?14,34.710908,136.046332,0743-92-0230,―,5,○,―,―,―,―,―,地域の資源を有効活用し、特産品としての農畜産物等の加工を行うことにより、地域住民の就労機会の確保及び所得の向上を図るための施設,,,,,,,,,,,,
スポーツ・レクリエーション施設,月ヶ瀬健民運動場,奈良県奈良市月ヶ瀬尾山2778-1,34.710957,136.043209,0743-92-0131,―,50,○,―,―,―,―,http://www.city.nara.lg.jp/www/contents/1147741508829/index.html,軟式野球1面　、サッカー1面、ソフトボール1面,,,,,,,,,,,,
スポーツ・レクリエーション施設,月ヶ瀬体育館,奈良県奈良市月ヶ瀬尾山2509-1,34.711569,136.043204,0743-92-0131,―,50,○,―,―,―,○,http://www.city.nara.lg.jp/www/contents/1147673441024/index.html,【可能な競技種目】バレーボール2面、バスケットボール1面、バドミントン6面 ,,,,,,,,,,,,
市役所・出張所・行政センター・連絡所等,都祁行政センター,奈良県奈良市都祁白石町1026-1,34.60545,135.957291,0743-82-0201,0743-82-1950,32,○,○,―,○,―,http://www.city.nara.lg.jp/www/genre/0000000000000/1000000000804/index.html,―,,,,,,,,,,,,
文化・生涯学習施設(公民館以外),都祁交流センター,奈良県奈良市都祁白石町1133,34.604464,135.956923,0743-82-2112,0743-82-2090,125,○,―,―,―,―,http://www.city.nara.lg.jp/www/contents/1147768451649/index.html,様々な文化活動を通じて豊かな生活を目指す市民の皆様の多様なニーズに対応できるよう、地域間の交流と文化活動の拠点として設立されました。,,,,,,,,,,,,
スポーツ・レクリエーション施設,都祁体育館,奈良県奈良市都祁白石町1161,34.605241,135.955949,0743-82-2112 ,―,40,○,―,―,―,―,http://www.city.nara.lg.jp/www/contents/1147673923551/index.html,【可能な競技種目】バレーボール2面、バスケットボール1面、バドミントン4面 ,,,,,,,,,,,,
産業関連施設,都祁農畜産物処理加工施設,奈良県奈良市針ヶ別所町1025,34.623672,135.963442,0743-84-0274,―,15,○,―,―,―,―,―,地域の資源を有効活用し、特産品としての農畜産物等の加工を行うことにより、地域住民の就労機会の確保及び所得の向上を図るための施設,,,,,,,,,,,,
産業関連施設,都祁農林水産物処理加工施設,奈良県奈良市針ヶ別所町1025,34.623624,135.96309,0743-82-0274,―,15,○,―,―,―,―,―,地域の資源を有効活用し、特産品としての農畜産物等の加工を行うことにより、地域住民の就労機会の確保及び所得の向上を図るための施設,,,,,,,,,,,,
市役所・出張所・行政センター・連絡所等,東部出張所,奈良県奈良市大柳生町4735,34.716656,135.921825,0742-93-0001,0742-93-0061,10,○,○,―,○,―,http://www.city.nara.lg.jp/www/genre/0000000000000/1000000000729/index.html,▼戸籍及び住民基本台帳に関する届けと住民票の写しの交付▼諸証明の交付▼市税・保険料の収納▼各種申請等の受付▼※一部交付できない証明・受付できない申請等があります。,,,,,,,,,,,,
市役所・出張所・行政センター・連絡所等,北部出張所,奈良県奈良市右京1-1-4北部会館1F,34.721911,135.790983,0742-71-1017,0742-71-0045,47,○,○,―,○,―,http://www.city.nara.lg.jp/www/genre/0000000000000/1000000000734/index.html,―,,,,,,,,,,,,
文化・生涯学習施設(公民館以外),ボランティアインフォメーションセンター,奈良県奈良市三条本町13-1はぐくみセンター1F,34.679181,135.817365,0742-93-8435,0742-34-2336,116,○,○,○,○,―,http://volunt-info.jp/,さまざまな分野のボランティアや市民公益活動を支援し、コーディネートすることを目的としています。ボランティア活動をはじめようとする人々からの相談に応じて、必要な情報の提供や助言、コーディネートを行います。また、地域での教育支援活動におけるリーダーやコーディネーターなどの人材育成も行います。,,,,,,,,,,,,
文化・生涯学習施設(公民館以外),ボランティアセンター,奈良県奈良市法蓮町1702-1,34.694688,135.825121,0742-26-2270,0742-26-2003,27,○,○,―,○,―,http://www.narashi-shakyo.com/html/volunteer_top.html,市民の地域福祉活動への積極的な参加促進を図るとともに、さまざまな分野で広がりをみせるボランティア活動を支援し、やさしさとふれあいのある住みよい奈良のまちづくりを目指しています。,,,,,,,,,,,,
市役所・出張所・行政センター・連絡所等,東寺林連絡所,奈良県奈良市東寺林町38,34.679814,135.830993,0742-26-2871,―,28,○,―,―,○,―,http://www.city.nara.lg.jp/www/contents/1147927309205/index.html,"▼市民への通知、自治会など各種団体との連絡▼市税、国民健康保険、市民課業務などの本庁との取り次ぎ事務▼住民票の写し、住民票記載事項証明書、印鑑証明書、年金現況証明書、戸籍謄・抄本、除籍謄・抄本、戸籍の附票の交付、税務証明(家屋取毀証明、住宅家屋証明を除く)の交付
",,,,,,,,,,,,
市役所・出張所・行政センター・連絡所等,東市連絡所,奈良県奈良市古市町99-1,34.653195,135.841676,0742-61-7043,―,10,○,○,―,―,―,http://www.city.nara.lg.jp/www/contents/1147930341871/index.html,"▼市民への通知、自治会など各種団体との連絡▼市税、国民健康保険、市民課業務などの本庁との取り次ぎ事務
",,,,,,,,,,,,
市役所・出張所・行政センター・連絡所等,平城連絡所,奈良県奈良市秋篠町1468,34.706211,135.777631,0742-45-4044,―,15,○,―,―,―,―,http://www.city.nara.lg.jp/www/contents/1147932332734/index.html,"▼市民への通知、自治会など各種団体との連絡▼市税、国民健康保険、市民課業務などの本庁との取り次ぎ事務
",,,,,,,,,,,,
市役所・出張所・行政センター・連絡所等,大安寺連絡所,奈良県奈良市大安寺4-4-34,34.670954,135.812379,0742-61-7045,―,8,○,○,―,―,―,http://www.city.nara.lg.jp/www/contents/1147932903196/index.html,"▼市民への通知、自治会など各種団体との連絡▼市税、国民健康保険、市民課業務などの本庁との取り次ぎ事務
",,,,,,,,,,,,
市役所・出張所・行政センター・連絡所等,辰市連絡所,奈良県奈良市西九条町2-2-44,34.657924,135.807817,0742-61-7046,―,5,○,○,―,―,―,http://www.city.nara.lg.jp/www/contents/1147933158128/index.html,"▼市民への通知、自治会など各種団体との連絡▼市税、国民健康保険、市民課業務などの本庁との取り次ぎ事務
",,,,,,,,,,,,
市役所・出張所・行政センター・連絡所等,明治連絡所,奈良県奈良市北永井町508-2,34.655884,135.826506,0742-61-7047,―,6,○,○,―,―,―,http://www.city.nara.lg.jp/www/contents/1147933548747/index.html,"▼市民への通知、自治会など各種団体との連絡▼市税、国民健康保険、市民課業務などの本庁との取り次ぎ事務
",,,,,,,,,,,,
市役所・出張所・行政センター・連絡所等,帯解連絡所,奈良県奈良市山町27-1,34.643747,135.828719,0742-62-3473,―,9,○,○,―,―,―,http://www.city.nara.lg.jp/www/contents/1147934927845/index.html,"▼市民への通知、自治会など各種団体との連絡▼市税、国民健康保険、市民課業務などの本庁との取り次ぎ事務
",,,,,,,,,,,,
市役所・出張所・行政センター・連絡所等,精華連絡所,奈良県奈良市高樋町640-1,34.633288,135.853798,0742-62-9200,―,6,○,○,―,―,―,http://www.city.nara.lg.jp/www/contents/1147935885283/index.html,"▼市民への通知、自治会など各種団体との連絡▼市税、国民健康保険、市民課業務などの本庁との取り次ぎ事務
",,,,,,,,,,,,
市役所・出張所・行政センター・連絡所等,伏見連絡所,奈良県奈良市西大寺芝町1-2-7,34.692362,135.780738,0742-45-4512,―,6,○,―,―,―,―,http://www.city.nara.lg.jp/www/contents/1147936570780/index.html,"▼市民への通知、自治会など各種団体との連絡▼市税、国民健康保険、市民課業務などの本庁との取り次ぎ事務
",,,,,,,,,,,,
市役所・出張所・行政センター・連絡所等,田原連絡所,奈良県奈良市茗荷町1078-1,34.657079,135.907704,0742-81-0001,―,27,○,○,―,―,―,http://www.city.nara.lg.jp/www/contents/1147936873660/index.html,"▼市民への通知、自治会など各種団体との連絡▼市税、国民健康保険、市民課業務などの本庁との取り次ぎ事務
",,,,,,,,,,,,
文化・生涯学習施設(公民館以外),済美地域ふれあい会館,奈良県奈良市南京終町201-12,34.670387,135.828303,0742-24-5899,―,15,○,○,―,―,―,―,地域の交流活動及び福祉活動の拠点,,,,,,,,,,,,
文化・生涯学習施設(公民館以外),柳生地域ふれあい会館,奈良県奈良市丹生町847,34.696546,135.966642,―,―,0,○,―,―,○,○,―,地域の交流活動及び福祉活動の拠点,,,,,,,,,,,,
文化・生涯学習施設(公民館以外),とみの里地域ふれあい会館,奈良県奈良市中山町西2-1012-1,34.714375,135.757795,0742-51-0178,―,38,○,○,―,○,―,―,地域の交流活動及び福祉活動の拠点,,,,,,,,,,,,
文化・生涯学習施設(公民館以外),右京地域ふれあい会館,奈良県奈良市右京3-18,34.719226,135.786604,0742-71-8019,―,12,○,○,―,―,―,―,地域の交流活動及び福祉活動の拠点,,,,,,,,,,,,
文化・生涯学習施設(公民館以外),帯解地域ふれあい会館,奈良県奈良市田中町342-1,34.63925,135.831074,―,―,0,○,○,―,―,―,―,地域の交流活動及び福祉活動の拠点,,,,,,,,,,,,
文化・生涯学習施設(公民館以外),朱雀地域ふれあい会館,奈良県奈良市朱雀2-12,34.719913,135.796098,0742-72-4063,―,8,○,○,―,○,―,―,地域の交流活動及び福祉活動の拠点,,,,,,,,,,,,
文化・生涯学習施設(公民館以外),東市地域ふれあい会館,奈良県奈良市古市町99-1,34.653195,135.841676,0742-64-3005,―,32,○,○,―,○,―,―,地域の交流活動及び福祉活動の拠点,,,,,,,,,,,,
文化・生涯学習施設(公民館以外),左京地域ふれあい会館,奈良県奈良市左京5-4-1,34.717644,135.80917,0742-72-4011,―,7,○,○,―,―,―,―,地域の交流活動及び福祉活動の拠点,,,,,,,,,,,,
文化・生涯学習施設(公民館以外),青和地域ふれあい会館,奈良県奈良市百楽園4-1-20-5,34.699355,135.742294,0742-51-6726,―,5,○,○,―,○,―,―,地域の交流活動及び福祉活動の拠点,,,,,,,,,,,,
文化・生涯学習施設(公民館以外),佐保川地域ふれあい会館,奈良県奈良市法蓮町391-4,34.69067,135.812125,0742-93-3226,―,9,○,○,―,○,―,―,地域の交流活動及び福祉活動の拠点,,,,,,,,,,,,
文化・生涯学習施設(公民館以外),辰市地域ふれあい会館,奈良県奈良市西九条町2-2-44,34.657924,135.807817,―,―,7,○,○,―,○,―,―,地域の交流活動及び福祉活動の拠点,,,,,,,,,,,,
文化・生涯学習施設(公民館以外),月瀬地域ふれあい会館,奈良県奈良市月ヶ瀬月瀬356-2,34.703915,136.022488,―,―,4,○,○,―,―,―,―,地域の交流活動及び福祉活動の拠点,,,,,,,,,,,,
文化・生涯学習施設(公民館以外),西大寺北地域ふれあい会館,奈良県奈良市西大寺東町1-1-15,34.696145,135.783575,0742-33-2271,―,0,○,○,―,○,―,―,地域の交流活動及び福祉活動の拠点,,,,,,,,,,,,
文化・生涯学習施設(公民館以外),佐保台地域ふれあい会館,奈良県奈良市佐保台2-902-239,34.708608,135.815468,0742-71-4384,―,5,○,―,―,○,―,―,地域の交流活動及び福祉活動の拠点,,,,,,,,,,,,
文化・生涯学習施設(公民館以外),都跡地域ふれあい会館,奈良県奈良市四条大路5-2-45,34.680486,135.788956,0742-32-3235,―,14,○,○,―,―,―,―,地域の交流活動及び福祉活動の拠点,,,,,,,,,,,,
文化・生涯学習施設(公民館以外),入江泰吉記念奈良市写真美術館,奈良県奈良市高畑町600-1,34.675588,135.845439,0742-22-9811,0742-22-9722,39,○,○,―,○,―,http://irietaikichi.jp/,入江泰吉記念奈良市写真美術館は写真家・入江泰吉の全作品を収蔵保存するとともに随時テーマを替えて企画展を開催し、入江作品を公開しています。西日本最初の写真専門美術館で心安らぐひとときを過ごし文化創造に役立てていただければと願っています。,,,,,,,,,,,,
文化・生涯学習施設(公民館以外),音声館,奈良県奈良市鳴川町32-1,34.676047,135.828674,0742-27-7700,0742-27-7732,60,○,○,―,○,―,http://onjokan.city.nara.nara.jp/,わらべうた教室や劇団「良弁杉」では、年間をとおして活動している他、職員によるミニコンサートや館内でのギャラリー展示を開催しています。また、有料で部屋の貸し出しをしています。,,,,,,,,,,,,
文化・生涯学習施設(公民館以外),名勝大乗院庭園文化館,奈良県奈良市高畑町1083-1,34.677722,135.834473,0742-24-0808,0742-24-0807,0,○,○,―,―,―,http://www.narahotel.co.jp/,「名勝旧大乗院庭園」の一角に建てられた「名勝大乗院庭園文化館」は、かつての大乗院を復元した模型や、関係資料の展示を無料公開する歴史的文化遺産に親しむ施設であるとともに、各種催しに利用いただける茶室や会議室(有料)を備えています。また、屋外の築地(ついじ)塀には御所馬場町にあった楽人長屋土塀のデザインを取り入れています。,,,,,,,,,,,,
文化・生涯学習施設(公民館以外),杉岡華邨書道美術館,奈良県奈良市脇戸町3,34.404,135.4945,0742-24-4111,0742-20-6677,0,○,○,―,―,―,http://www3.kcn.ne.jp/~shodou/,杉岡華邨書道美術館は、2000年秋に文化勲章を受章された杉岡華邨氏から、奈良市が作品の寄贈を受けたのを機に、先生の功績を称え、貴重な作品を永く後世に伝えるとともに、書道の発展に寄与するため、2000年8月4日に開館した書道専門の美術館です。ユネスコの世界遺産にも登録された元興寺の旧境内に広がる「ならまち」に位置し、古い町並みに溶け込んだ落ち着いた白い建物が目印です。皆様のお越しをお待ちしております。,,,,,,,,,,,,
文化・生涯学習施設(公民館以外),ならまちセンター,奈良県奈良市東寺林町38,34.679814,135.830993,0742-27-1151,0742-27-1152,26,○,○,○,○,―,http://naramachi-center.org/,ならまちセンターは、地域のコミュニティーセンターとして中央図書館・東寺林連絡所を併設しています。また、北には興福寺、五重塔、猿沢池。南には元興寺極楽坊、古の奈良の町並みが残る「ならまち」があります。ならまち散策の出発点として、ぜひお立ち寄りください。,,,,,,,,,,,,
文化・生涯学習施設(公民館以外),西部会館市民ホール,奈良県奈良市学園南3-1-5西部会館3F,34.696719,135.75023,0742-51-2001,0742-51-2039,70,○,―,―,○,―,http://www.gakuenmae-hall.com/,西部会館市民ホールは学園前ホールという愛称で親しまれています。学園前中心市街地に位置し、特急停車駅である近鉄奈良線学園前駅から至近距離であることから大変アクセスの良い施設であり、音楽会、落語会、講演会等の催事を随時行っております。,,,,,,,,,,,,
文化・生涯学習施設(公民館以外),なら100年会館,奈良県奈良市三条宮前町7-1,34.680291,135.8165,0742-34-0100,0742-34-1000 ,99,○,○,―,○,―,http://www.nara100.com/,"なら100年会館は、奈良市制100周年を記念してJR奈良駅前西側に建設された多目的ホールです。 設計者は建築家の磯崎新氏。「奈良の文化を育て、世界に発信するまさに""文化の船""」をイメージしており、 「新しい奈良」のランドマーク、文化発信の拠点となっています。施設は、奈良県内最大の客席数を誇り、舞台・客席が8形式に変化するステージ機能を備え、コンサートや国際会議、学会等、多目的な利用に適している大ホール(収容人員1692人)、 全面ガラス張りでクラシックを中心とする演奏会に適している中ホール(収容人員434人)、 会議・各種展示会等に適している小ホール(収容人員約100人)等を有し、 国内外の優れた芸術の公演から、地域密着の各種文化活動、発表会等幅広い分野で利用されています。",,,,,,,,,,,,
文化・生涯学習施設(公民館以外),奈良市美術館,奈良県奈良市二条大路南1-3-1イトーヨーカドー奈良店5F,34.685235,135.802094,0742-30-1510,0742-35-7160,775,○,○,―,○,―,http://www.museum.city.nara.nara.jp/,奈良市美術館はイトーヨーカドー奈良店の5階に開館しました。当館は、美術作品を鑑賞できる場を提供する美術作品鑑賞機能、市民の創作活動の発表の場とする市民ギャラリー機能、市民の美術活動を推進し発展させる機会を提供する美術普及活動機能といった「鑑賞・創造・学習」の三つを柱に活動しています。また、イトーヨーカドー奈良店という商業施設内にある立地条件を最大限に活用し美術館を身近に感じてもらえるように努力しています。,,,,,,,,,,,,
文化・生涯学習施設(公民館以外),北部会館市民文化ホール,奈良県奈良市右京1-1-4北部会館3F,34.721911,135.790983,0742-71-5747,0742-71-5793,47,○,―,―,○,―,http://www.hokubu-hall.city.nara.nara.jp/,北部会館市民文化ホールは、市民ホールと多目的室、大小会議室、和室の貸館施設として市民のみなさんの自主的な活動や文化サークル活動など市民のふれあいの場としてまた文化活動の拠点としてご利用いただいています。また、自主事業として、多岐にわたる文化講座やコンサート、親子向けイベントなどを年間を通じて開催し、地域ににぎわいをはぐくんでいます。,,,,,,,,,,,,
文化・生涯学習施設(公民館以外),入江泰吉旧居,奈良県奈良市水門町49-2,34.686955,135.836622,0742-27-1689,0742-27-1689,0,○,○,―,―,―,http://kyukyo.irietaikichi.jp/,入江泰吉旧居は、奈良大和路を半世紀にわたり撮り続けた写真家入江泰吉が、撮影の本拠地とした住まいです。伝統的な日本家屋に彼の感性が光り、その佇まいから臨む風景は四季折々に素晴らしいです。また“入江泰吉を語り継ぐ”や“入江泰吉のことばを学ぶ”の講演会や講座、初心者向けの俳句講座、旧居周辺を散策する“入江泰吉さんぽみち”等を開催しています。興味のある方に是非ご参加頂きたいです。,,,,,,,,,,,,
スポーツ・レクリエーション施設,ならでんフィールド(鴻ノ池陸上競技場)・補助競技場・投てき練習場・多目的広場・ウォーキングコース,奈良県奈良市法蓮佐保山4-5-1,34.697341,135.828332,0742-22-0001,0742-26-0265,612,○,○,―,○,―,http://www.city.nara.lg.jp/www/contents/1374029354468/index.html,陸上競技場(第一種公認)、補助競技場(第三種公認),,,,,,,,,,,,
スポーツ・レクリエーション施設,ならでんスタジアム(鴻ノ池球場),奈良県奈良市法蓮佐保山4-3-1,34.697865,135.826917,0742-26-2453,―,612,○,○,―,○,―,http://www.city.nara.lg.jp/www/contents/1147741978724/,"球場面積44000㎡、グラウンド面積13300㎡、センター120m、両翼91m、内野収容人員3250人、外野収容人員20000人、夜間照明設備完備 
",,,,,,,,,,,,
スポーツ・レクリエーション施設,ならでんアリーナ(中央体育館),奈良県奈良市法蓮佐保山4-1-3,34.695178,135.828047,0742-24-1501,―,612,○,○,―,○,―,http://www.city.nara.lg.jp/www/contents/1147669733093/index.html,【可能な競技種目】バレーボール3面、バドミントン10面、テニス3面、バスケットボール3面、卓球32台、ハンドボール1面、体操(男・女規定)全種目、柔道、剣道、その他室内スポーツ・レクリエーション等,,,,,,,,,,,,
スポーツ・レクリエーション施設,ならでん第二アリーナ(中央第二体育館),奈良県奈良市法蓮佐保山4-6-1,34.6959,135.828222,0742-24-1501,―,612,○,○,―,○,―,http://www.city.nara.lg.jp/www/contents/1147670468703/index.html,【可能な競技種目】バレーボール2面、バスケットボール1面、バドミントン4面、卓球10台、テニス1面,,,,,,,,,,,,
スポーツ・レクリエーション施設,ならでん武道場(中央武道場),奈良県奈良市法蓮佐保山4-1-2,34.694797,135.827257,0742-26-1060,0742-26-1060,612,○,○,―,○,―,http://www.city.nara.lg.jp/www/contents/1147674312624/index.html,【可能な競技種目】 剣道、やり、なぎなた、空手道、銃剣道、少林寺拳法など ,,,,,,,,,,,,
スポーツ・レクリエーション施設,ならでん第二武道場(中央第二武道場),奈良県奈良市法蓮佐保山4-6-3,34.696282,135.828509,0742-27-6163,0742-27-6163,612,○,○,―,○,―,http://www.city.nara.lg.jp/www/contents/1147674533127/index.html,【可能な競技種目】 柔道、合気道、空手道など,,,,,,,,,,,,
スポーツ・レクリエーション施設,ならでん弓道場(弓道場),奈良県奈良市法蓮佐保山4-6-2,34.695886,135.828676,0742-27-6163,0742-27-6163,612,○,―,―,―,―,http://www.city.nara.lg.jp/www/contents/1147674730334/index.html,射場289.60㎡、的場59.00㎡、巻藁道場132.34㎡、付属施設(射場、更衣室、的場、監的場、師範席、倉庫),,,,,,,,,,,,
スポーツ・レクリエーション施設,ならでん相撲場(鴻ノ池相撲場),奈良県奈良市法蓮佐保山4-8-9,34.698815,135.829345,0742-27-6163,0742-27-6163,612,○,―,―,―,―,http://www.city.nara.lg.jp/www/contents/1147674949490/index.html,建築面積延143.10㎡、鉄骨平屋建,,,,,,,,,,,,
スポーツ・レクリエーション施設,西部生涯スポーツセンター体育館,奈良県奈良市中町4860,34.670277,135.756314,0742-52-0100,―,146,○,○,―,○,―,http://www.city.nara.lg.jp/www/contents/1147673026761/index.html,【可能な競技種目】バレーボール2面、バスケットボール2面、バドミントン6面、卓球12台、テニス1面,,,,,,,,,,,,
スポーツ・レクリエーション施設,西部生涯スポーツセンターコート・球技場・ゲートボール場・クラブハウス,奈良県奈良市丸山1-905,34.667089,135.751035,0742-47-4188,―,73,○,○,―,○,―,http://www.city.nara.lg.jp/www/contents/1147739406993/index.html,"テニスコート5面4055㎡ (クレーコート3面、砂入り人工芝コート2面)、球技場8455㎡、ゲートボール場2面1717㎡ (クレー舗装)
",,,,,,,,,,,,
スポーツ・レクリエーション施設,西部生涯スポーツセンター屋内温水プール,奈良県奈良市中町4860,34.670277,135.756314,0742-51-1521,―,146,○,○,―,○,―,http://www.city.nara.lg.jp/www/contents/1147746676166/index.html,競泳用プール25m7コース、小プール,,,,,,,,,,,,
スポーツ・レクリエーション施設,南部生涯スポーツセンター体育館,奈良県奈良市杏町467-1,34.662352,135.802733,0742-61-7029,―,80,○,○,―,○,―,http://www.city.nara.lg.jp/www/contents/1147671482896/index.html,【可能な競技種目】バレーボール2面、バスケットボール1面、バドミントン6面、卓球12台、テニス1面,,,,,,,,,,,,
スポーツ・レクリエーション施設,南部生涯スポーツセンターコート・球技場・多目的コート,奈良県奈良市杏町467-1 ,34.662352,135.802733,0742-61-7029,―,80,○,○,―,○,―,http://www.city.nara.lg.jp/www/contents/1147681562259/index.html,テニスコート2面1461.70㎡(クレー舗装)、球技場9136.44㎡、多目的コート1053.36㎡,,,,,,,,,,,,
スポーツ・レクリエーション施設,平城第一コート・球技場,奈良県奈良市左京2-1,34.710697,135.803541,0742-71-5662,―,15,○,―,―,―,―,http://www.city.nara.lg.jp/www/contents/1147677922371/index.html,テニスコート2面1458.00㎡(クレー舗装)、球技場7092.18㎡,,,,,,,,,,,,
スポーツ・レクリエーション施設,平城第二コート・球技場,奈良県奈良市朱雀2-12,34.718126,135.795957,0742-71-5662,―,8,○,―,―,○,―,http://www.city.nara.lg.jp/www/contents/1147678248132/index.html,テニスコート4面3879.805㎡(クレー舗装)、球技場10716.160㎡,,,,,,,,,,,,
スポーツ・レクリエーション施設,登美ヶ丘球技場,奈良県奈良市北登美ケ丘1-1761-2,34.722982,135.75416,0742-71-5662,―,12,○,―,―,―,―,http://www.city.nara.lg.jp/www/contents/1147680676384/index.html,球技場6133.30㎡,,,,,,,,,,,,
スポーツ・レクリエーション施設,奈良阪球技場,奈良県奈良市奈良阪町1367,34.704823,135.821421,0742-26-2996,―,20,○,―,―,―,―,http://www.city.nara.lg.jp/www/contents/1147681167620/index.html,球技場15000㎡,,,,,,,,,,,,
スポーツ・レクリエーション施設,緑ヶ丘球場,奈良県奈良市奈良阪町2851,34.707376,135.848703,0742-26-2996,―,52,○,○,―,―,―,http://www.city.nara.lg.jp/www/contents/1147742761938/index.html,グラウンド面積10754.40㎡,,,,,,,,,,,,
スポーツ・レクリエーション施設,中ノ川球技場,奈良県奈良市芝辻町556-1,34.704484,135.862099,0742-26-2996,―,30,○,―,―,―,―,http://www.city.nara.lg.jp/www/contents/1147680334215/index.html,球技場11267㎡,,,,,,,,,,,,
スポーツ・レクリエーション施設,黒谷コート・球技場,奈良県奈良市中町2877,34.673865,135.731369,0742-52-0100,―,40,○,―,―,○,―,http://www.city.nara.lg.jp/www/contents/1147676570365/index.html,"テニスコート3面2340㎡(クレー舗装)、球技場11649㎡
",,,,,,,,,,,,
スポーツ・レクリエーション施設,柏木コート・球技場,奈良県奈良市柏木町255-1,34.666378,135.796774,0742-34-3585,―,20,○,―,―,○,―,http://www.city.nara.lg.jp/www/contents/1147676341325/index.html,"テニスコート4800㎡(クレー舗装6面)、球技場11000㎡(夜間照明設備完備)
",,,,,,,,,,,,
スポーツ・レクリエーション施設,青山コート,奈良県奈良市青山3-2,34.70655,135.834572,0742-26-2996,―,50,○,―,―,○,―,http://www.city.nara.lg.jp/www/contents/1147675660815/index.html,テニスコート3面1872㎡(ハードコート全天候型),,,,,,,,,,,,
スポーツ・レクリエーション施設,佐保山コート,奈良県奈良市佐保台2-902-374 ,34.706725,135.81736,0742-26-2996,―,0,○,―,―,―,―,http://www.city.nara.lg.jp/www/contents/1147675942004/index.html,テニスコート2面1458㎡(砂入り人工芝),,,,,,,,,,,,
スポーツ・レクリエーション施設,ならでん鴻ノ池コート(鴻ノ池コート),奈良県奈良市法蓮佐保山4-9-1,34.701389,135.829916,0742-27-4880,―,49,○,○,―,○,―,http://www.city.nara.lg.jp/www/contents/1147675470700/index.html,テニスコート10面6550㎡(クレーコート1面、砂入り人工芝コート9面),,,,,,,,,,,,
スポーツ・レクリエーション施設,青山プール,奈良県奈良市青山3-2,34.706728,135.833771,0742-26-2996,―,50,○,○,―,○,―,http://www.city.nara.lg.jp/www/contents/1372142704552/index.html,競泳用プール25m7コース、幼児用プール※夏期のみ営業,,,,,,,,,,,,
スポーツ・レクリエーション施設,ならやま屋内温水プール,奈良県奈良市左京5-3-1,34.715816,135.809836,0742-71-0774,0742-71-0773,126,○,○,―,○,―,http://www.narashi-shakyo.com/html/sougou04.htm,競泳用プール25m6コース、小プール※ならやま屋内温水プールは、明るく健康的な社会づくりを目指し、利用者の健康の維持・増進及び障がい者の機能回復、また、利用者相互の「ふれあいの場」として、子どもから高齢者まで気軽に利用していただける施設です。,,,,,,,,,,,,
スポーツ・レクリエーション施設,ならやまコミュニティスポーツ会館,奈良県奈良市朱雀2-12,34.719323,135.795884,0742-72-0414,―,10,○,―,―,―,―,http://www.city.nara.lg.jp/www/contents/1147752761278/index.html,【使用可能な主な競技等】バレーボール、バスケットボール、バドミントン、卓球、その他会議室等に使用できます。,,,,,,,,,,,,
スポーツ・レクリエーション施設,狭川コミュニティスポーツ広場,奈良県奈良市下狭川町2882-2,34.734742,135.916682,0742-34-5376,―,37,○,―,―,―,―,http://www.city.nara.lg.jp/www/contents/1147754507399/index.html,グラウンド面積6453.37㎡,,,,,,,,,,,,
スポーツ・レクリエーション施設,高の原コミュニティスポーツ会館,奈良県奈良市神功3-6,34.718914,135.778247,0742-71-4411,―,8,○,―,―,―,―,http://www.city.nara.lg.jp/www/contents/1147754152400/index.html,【使用可能な主な競技等】バレーボール、バスケットボール、バドミントン、卓球、その他会議室等に使用できます。,,,,,,,,,,,,
スポーツ・レクリエーション施設,七条コミュニティスポーツ会館,奈良県奈良市七条1-2-1,34.66447,135.783454,0742-34-5376,―,31,○,―,―,―,―,http://www.city.nara.lg.jp/www/contents/1147748453338/index.html,【使用可能な主な競技等】バレーボール、バスケットボール、バドミントン、卓球、その他会議室等に使用できます。,,,,,,,,,,,,
スポーツ・レクリエーション施設,田原コミュニティスポーツ広場,奈良県奈良市横田町203-1,34.660719,135.91072,0742-34-5376,―,35,○,―,―,―,―,http://www.city.nara.lg.jp/www/contents/1147755201468/index.html,グラウンド面積5100㎡,,,,,,,,,,,,
スポーツ・レクリエーション施設,東市コミュニティスポーツ会館,奈良県奈良市古市町265-1,34.655248,135.840496,0742-34-5376,―,5,○,―,―,―,―,http://www.city.nara.lg.jp/www/contents/1147753071256/index.html,【使用可能な主な競技等】バレーボール、バスケットボール、バドミントン、卓球、その他会議室等に使用できます。,,,,,,,,,,,,
スポーツ・レクリエーション施設,南紀寺コミュニティスポーツ会館,奈良県奈良市南紀寺町5-54-1,34.666075,135.833361,0742-34-5376,―,3,○,―,―,―,―,http://www.city.nara.lg.jp/www/contents/1147751984811/index.html,【使用可能な主な競技等】バレーボール、バスケットボール、バドミントン、卓球、その他会議室等に使用できます。,,,,,,,,,,,,
スポーツ・レクリエーション施設,邑地コミュニティスポーツ広場,奈良県奈良市邑地町469,34.715743,135.979536,0742-34-5376,―,40,○,―,―,―,―,http://www.city.nara.lg.jp/www/contents/1147747334009/index.html,グラウンド面積5070㎡,,,,,,,,,,,,
スポーツ・レクリエーション施設,八条コミュニティスポーツ広場,奈良県奈良市八条1-814-4,34.664219,135.80391,0742-34-5376,―,0,○,―,―,―,―,http://www.city.nara.lg.jp/www/contents/1329957334964/index.html,グラウンド面積7220㎡,,,,,,,,,,,,
スポーツ・レクリエーション施設,都祁生涯スポーツセンターコート・球技場・多目的コート・クラブハウス,奈良県奈良市都祁馬場町846-5,34.62767,135.95312,0743-84-2004,―,105,○,―,―,―,―,http://www.city.nara.lg.jp/www/contents/1267750791515/index.html,テニスコート4面2650㎡(砂入り人工芝コート)、球技場17500㎡、多目的コート1156㎡,,,,,,,,,,,,
スポーツ・レクリエーション施設,石打コミュニティスポーツプール,奈良県奈良市月ヶ瀬石打505-1,34.72179,136.061559,―,―,0,○,―,―,―,―,http://www.city.nara.lg.jp/www/contents/1147747004844/index.html,25mプール※夏期のみ営業,,,,,,,,,,,,
人権関連施設,東之阪共同浴場,奈良県奈良市東之阪町14-4,34.69528,135.835274,―,―,0,○,―,―,―,―,―,地域住民の衛生思想の向上を図り、もって生活環境の改善に資する。,,,,,,,,,,,,
人権関連施設,横井共同浴場,奈良県奈良市横井2-250-13,34.65214,135.83163,―,―,0,○,―,―,―,―,―,地域住民の衛生思想の向上を図り、もって生活環境の改善に資する。,,,,,,,,,,,,
人権関連施設,古市西共同浴場,奈良県奈良市古市町1503-1,34.664064,135.835106,―,―,5,○,―,―,―,―,―,地域住民の衛生思想の向上を図り、もって生活環境の改善に資する。,,,,,,,,,,,,
人権関連施設,杏中共同浴場,奈良県奈良市杏町386-1,34.661665,135.800541,―,―,0,○,―,―,―,―,―,地域住民の衛生思想の向上を図り、もって生活環境の改善に資する。,,,,,,,,,,,,
人権関連施設,北人権文化センター,奈良県奈良市川上町418-1,34.696206,135.837072,0742-22-7776,0742-22-7727,17,○,―,―,―,○,http://www.city.nara.lg.jp/www/genre/0000000000000/1242096270293/index.html,「守ろう人権・咲かそう文化、地域からのまちづくり」をテーマに「地域交流」「世代間交流」「文化交流」の3つの交流を中心に、あらゆる人権の確立された社会の構築を目指して取り組んでいます。,,,,,,,,,,,,
人権関連施設,中人権文化センター,奈良県奈良市畑中町4-4,34.686931,135.820167,0742-27-3019,0742-27-3019,0,○,○,―,―,○,http://www.city.nara.lg.jp/www/genre/0000000000000/1244509037143/index.html,センターを広く開放し、地域の交流とふれあいを大切にしています。,,,,,,,,,,,,
人権関連施設,東人権文化センター,奈良県奈良市古市町1226,34.663317,135.834755,0742-61-2236,0742-61-2148,20,○,―,―,○,○,http://www.city.nara.lg.jp/www/genre/0000000000000/1244518086383/index.html,2004年(平成16年)7月にリニューアルオープンし、「出会い、ふれあい、学びあい」をモットーに、「福祉と人権のまちづくり」の拠点施設をめざしています。また、各種会議やサークル活動の場として利用していただくことができます。皆様のお越しをお待ちしています。,,,,,,,,,,,,
人権関連施設,南人権文化センター,奈良県奈良市杏町401-1,34.661353,135.800547,0742-61-2029,0742-61-2029,9,○,―,―,―,○,http://www.city.nara.lg.jp/www/genre/0000000000000/1244518608860/index.html,ものづくりから人づくリを進め、多くの人たちとの交流の輪をひろげ、優しさとふれあいのある福祉と人権のまちづくりを目指して、毎月「幸齢者ふれあい交流会」を開催し、地元と周辺地域の住民との交流を図っています。,,,,,,,,,,,,
男女共同参画センター,男女共同参画センター,奈良県奈良市西之阪町12,34.683282,135.822516,0742-81-3100,0742-25-0600,0,○,○,―,○,○,http://www.city.nara.lg.jp/www/genre/0000000000000/1000000000372/index.html,男女の人権の確立を図り、社会のあらゆる分野へ男女が対等に参画し、それぞれの能力を発揮できる豊かで活力ある男女共同参画社会の形成を推進することを目的とする施設です。主に講座の開設、相談事業、登録団体への貸し室をしています。,,,,,,,,,,,,
福祉施設,若草地域包括支援センター,奈良県奈良市芝辻町1-21,34.685634,135.821926,0742-25-2345,0742-25-2346,1,○,―,―,―,―,http://www.city.nara.lg.jp/www/contents/1213938336821/,社会福祉士、保健師、主任介護支援専門員などが配置されており、専門性を生かしたマネジメント(相談支援)を行います。担当小学校区はおおむね「鼓阪北、鼓阪、佐保」です。,,,,,,,,,,,,
福祉施設,三笠地域包括支援センター,奈良県奈良市二条大路南1-3-1イトーヨーカドー奈良店5F,34.685235,135.802094,0742-33-6622,0742-30-6380,1360,○,―,―,―,―,http://www.city.nara.lg.jp/www/contents/1213938336821/,社会福祉士、保健師、主任介護支援専門員などが配置されており、専門性を生かしたマネジメント(相談支援)を行います。担当小学校区はおおむね「大宮、佐保川、椿井、大安寺西」です。,,,,,,,,,,,,
福祉施設,春日・飛鳥地域包括支援センター,奈良県奈良市西木辻町110-4,34.673522,135.824689,0742-20-2516,0742-20-2517,2,○,―,―,―,―,http://www.city.nara.lg.jp/www/contents/1213938336821/,社会福祉士、保健師、主任介護支援専門員などが配置されており、専門性を生かしたマネジメント(相談支援)を行います。担当小学校区はおおむね「済美、済美南、大安寺、飛鳥」です。,,,,,,,,,,,,
福祉施設,都南地域包括支援センター,奈良県奈良市古市町1327-6フォレストヒルズ奈良,34.660486,135.833033,0742-50-2288,0742-61-2299,3,○,―,―,―,―,http://www.city.nara.lg.jp/www/contents/1213938336821/,社会福祉士、保健師、主任介護支援専門員などが配置されており、専門性を生かしたマネジメント(相談支援)を行います。担当小学校区はおおむね「辰市、明治、東市、帯解、精華」です。,,,,,,,,,,,,
福祉施設,北部地域包括支援センター,奈良県奈良市右京1-3-4サンタウンプラザすずらん館2F,34.722526,135.789311,0742-70-6777,0742-70-6778,550,○,―,―,―,―,http://www.city.nara.lg.jp/www/contents/1213938336821/,社会福祉士、保健師、主任介護支援専門員などが配置されており、専門性を生かしたマネジメント(相談支援)を行います。担当小学校区はおおむね「神功、右京、朱雀、左京、佐保台、平城西、平城」です。,,,,,,,,,,,,
福祉施設,京西・都跡地域包括支援センター,奈良県奈良市六条2-2-10,34.668319,135.776893,0742-52-3010,0742-48-7234,3,○,―,―,―,―,http://www.city.nara.lg.jp/www/contents/1213938336821/,社会福祉士、保健師、主任介護支援専門員などが配置されており、専門性を生かしたマネジメント(相談支援)を行います。担当小学校区はおおむね「伏見南、六条、都跡」です。,,,,,,,,,,,,
福祉施設,伏見地域包括支援センター,奈良県奈良市西大寺新町1-1-1河辺ビル1F,34.696503,135.781414,0742-45-1671,0742-45-1675,2,○,―,―,―,―,http://www.city.nara.lg.jp/www/contents/1213938336821/,社会福祉士、保健師、主任介護支援専門員などが配置されており、専門性を生かしたマネジメント(相談支援)を行います。担当小学校区はおおむね「あやめ池(学園南以外)、西大寺北、伏見」です。,,,,,,,,,,,,
福祉施設,二名地域包括支援センター,奈良県奈良市鶴舞東町1-20-2,34.702606,135.75121,0742-43-1280,0742-43-1281,2,○,―,―,―,―,http://www.city.nara.lg.jp/www/contents/1213938336821/,"社会福祉士、保健師、主任介護支援専門員などが配置されており、専門性を生かしたマネジメント(相談支援)を行います。担当小学校区はおおむね「鶴舞、青和、二名、
富雄北」です。",,,,,,,,,,,,
福祉施設,登美ヶ丘地域包括支援センター,奈良県奈良市中登美ケ丘1-1994-3-D20-104,34.717377,135.749037,0742-51-0012,0742-51-0013,10,○,―,―,―,―,http://www.city.nara.lg.jp/www/contents/1213938336821/,社会福祉士、保健師、主任介護支援専門員などが配置されており、専門性を生かしたマネジメント(相談支援)を行います。担当小学校区はおおむね「東登美ヶ丘、登美ヶ丘」です。,,,,,,,,,,,,
福祉施設,富雄東地域包括支援センター,奈良県奈良市大倭町2-22,34.681273,135.757875,0742-52-2051,0742-46-2012,2,○,―,―,―,―,http://www.city.nara.lg.jp/www/contents/1213938336821/,社会福祉士、保健師、主任介護支援専門員などが配置されており、専門性を生かしたマネジメント(相談支援)を行います。担当小学校区はおおむね「鳥見、富雄第三、三碓、富雄南、あやめ池(学園南)」です。,,,,,,,,,,,,
福祉施設,東部地域包括支援センター,奈良県奈良市茗荷町774-1,34.655374,135.901353,0742-81-5720,0742-81-5721,20,○,―,―,―,―,http://www.city.nara.lg.jp/www/contents/1213938336821/,社会福祉士、保健師、主任介護支援専門員などが配置されており、専門性を生かしたマネジメント(相談支援)を行います。担当小学校区はおおむね「田原、柳生、興東、並松、都祁、吐山、六郷、月ヶ瀬」です。,,,,,,,,,,,,
福祉施設,平城地域包括支援センター,奈良県奈良市押熊町397-1梅守ハイツ1F,34.715407,135.772227,0742-53-7757,0742-53-7758,2,○,―,―,―,―,http://www.city.nara.lg.jp/www/contents/1213938336821/,社会福祉士、保健師、主任介護支援専門員などが配置されており、専門性を生かしたマネジメント(相談支援)を行います。担当小学校区はおおむね「大宮、佐保川、椿井、大安寺西」です。,,,,,,,,,,,,
福祉施設,富雄西地域包括支援センター,奈良県奈良市鳥見町4-3-1富雄団地49-101,34.69433,135.722366,0742-44-6541,0742-44-6542,2,○,―,―,―,―,http://www.city.nara.lg.jp/www/contents/1213938336821/,社会福祉士、保健師、主任介護支援専門員などが配置されており、専門性を生かしたマネジメント(相談支援)を行います。担当小学校区はおおむね「済美、済美南、大安寺、飛鳥」です。,,,,,,,,,,,,
福祉施設,月ヶ瀬福祉センター,奈良県奈良市月ヶ瀬尾山1124,34.714821,136.048147,0743-92-0204,0743-92-0967,74,○,―,―,―,―,http://www.city.nara.lg.jp/www/contents/1147082988764/index.html,地域の福祉ゾーンの中心的施設として生まれたこのセンターは、多くの住民参加の福祉の拠点となっています。,,,,,,,,,,,,
福祉施設,都祁福祉センター,奈良県奈良市藺生町1922-8,34.591573,135.94232,0743-82-2624,0743-82-2625,75,○,―,―,○,―,http://www.city.nara.lg.jp/www/contents/1147086447240/index.html,市民のみなさまの「ふれあいの場」として、子どもからお年寄りまで広くご利用いただける施設です。,,,,,,,,,,,,
福祉施設,総合福祉センター,奈良県奈良市左京5-3-1,34.715446,135.809857,0742-71-0770,0742-71-0773,46,○,○,―,○,―,http://www.narashi-shakyo.com/html/sougou.htm,このセンターは、障がいを持つ人のための相談・医療・訓練・作業・スポーツ、レクリエーションなどをはじめとする一貫したリハビリテーション機能を持つ総合施設です。また、障がい者団体やボランティアの活動拠点であり、市民とのふれあいの場でもあります。,,,,,,,,,,,,
福祉施設,東福祉センター,奈良県奈良市法蓮町1702-1,34.694818,135.825343,0742-24-3151,0742-27-9028,32,○,―,―,○,―,http://www.narashi-shakyo.com/html/rouzin01.htm,市勢の伸展に貢献された高齢者のみなさんに教養の向上、レクリエーションなどのための便宜を提供し、心豊かに楽しく過ごしていただくための施設です。有料室や浴室の利用、コーラス、健康体操、軽スポーツ、健康講座などを行っております。,,,,,,,,,,,,
福祉施設,西福祉センター,奈良県奈良市百楽園1-9-13,34.698481,135.7439,0742-41-3151,0742-41-3150,60,○,―,―,○,―,http://www.narashi-shakyo.com/html/rouzin02.htm,市勢の伸展に貢献された高齢者のみなさんに教養の向上、レクリエーションなどのための便宜を提供し、心豊かに楽しく過ごしていただくための施設です。有料室や浴室の利用、コーラス、健康体操、軽スポーツ、健康講座などを行っております。,,,,,,,,,,,,
福祉施設,南福祉センター,奈良県奈良市南永井町45-1,34.647988,135.825898,0742-62-3730,0742-62-3780,30,○,―,―,○,―,http://www.narashi-shakyo.com/html/rouzin04.html,市勢の伸展に貢献された高齢者のみなさんに教養の向上、レクリエーションなどのための便宜を提供し、心豊かに楽しく過ごしていただくための施設です。有料室や浴室の利用、コーラス、健康体操、軽スポーツ、健康講座などを行っております。,,,,,,,,,,,,
福祉施設,北福祉センター,奈良県奈良市右京1-1-4北部会館2F,34.721911,135.790983,0742-71-3501,0742-71-3548,47,○,―,―,○,―,http://www.narashi-shakyo.com/html/rouzin03.htm,市勢の伸展に貢献された高齢者のみなさんに教養の向上、レクリエーションなどのための便宜を提供し、心豊かに楽しく過ごしていただくための施設です。有料室や浴室の利用、コーラス、健康体操、軽スポーツ、健康講座などを行っております。,,,,,,,,,,,,
福祉施設,東里老人憩の家,奈良県奈良市須川町776,34.716405,135.910322,―,―,0,○,―,―,―,―,―,地域の高齢者のみなさんに、教養の向上、レクリエーション等のための場を提供し、老人の心身の健康の増進を図るための施設です。,,,,,,,,,,,,
福祉施設,鳥見老人憩の家,奈良県奈良市鳥見町4-4,34.696528,135.72242,―,―,0,○,―,―,―,―,―,地域の高齢者のみなさんに、教養の向上、レクリエーション等のための場を提供し、老人の心身の健康の増進を図るための施設です。,,,,,,,,,,,,
福祉施設,登美ヶ丘老人憩の家,奈良県奈良市中登美ヶ丘1-1994-3,34.71672,135.749473,―,―,0,○,―,―,―,―,―,地域の高齢者のみなさんに、教養の向上、レクリエーション等のための場を提供し、老人の心身の健康の増進を図るための施設です。,,,,,,,,,,,,
福祉施設,横井老人憩の家,奈良県奈良市横井1-620-1,34.653293,135.832223,―,―,0,○,―,―,―,―,―,地域の高齢者のみなさんに、教養の向上、レクリエーション等のための場を提供し、老人の心身の健康の増進を図るための施設です。,,,,,,,,,,,,
福祉施設,杏南老人憩の家,奈良県奈良市杏町424-6,34.659523,135.800777,―,―,0,○,―,―,―,―,―,地域の高齢者のみなさんに、教養の向上、レクリエーション等のための場を提供し、老人の心身の健康の増進を図るための施設です。,,,,,,,,,,,,
福祉施設,杏中老人憩の家,奈良県奈良市杏町387-12 ,34.662047,135.800516,―,―,0,○,―,―,―,―,―,地域の高齢者のみなさんに、教養の向上、レクリエーション等のための場を提供し、老人の心身の健康の増進を図るための施設です。,,,,,,,,,,,,
福祉施設,八条老人憩の家,奈良県奈良市八条1-823,34.663788,135.803647,―,―,0,○,―,―,―,―,―,地域の高齢者のみなさんに、教養の向上、レクリエーション等のための場を提供し、老人の心身の健康の増進を図るための施設です。,,,,,,,,,,,,
福祉施設,東之阪老人憩の家,奈良県奈良市東之阪町5-60,34.695372,135.83574,―,―,0,○,―,―,―,―,―,地域の高齢者のみなさんに、教養の向上、レクリエーション等のための場を提供し、老人の心身の健康の増進を図るための施設です。,,,,,,,,,,,,
福祉施設,田原老人憩の家,奈良県奈良市横田町191-1,34.661842,135.910973,―,―,0,○,―,―,―,―,―,地域の高齢者のみなさんに、教養の向上、レクリエーション等のための場を提供し、老人の心身の健康の増進を図るための施設です。,,,,,,,,,,,,
福祉施設,狭川老人憩の家,奈良県奈良市西狭川町1088-1,34.73068,135.910956,―,―,0,○,―,―,―,―,―,地域の高齢者のみなさんに、教養の向上、レクリエーション等のための場を提供し、老人の心身の健康の増進を図るための施設です。,,,,,,,,,,,,
福祉施設,古市老人憩の家,奈良県奈良市古市町1482-2,34.664419,135.835002,―,―,0,○,―,―,―,―,―,地域の高齢者のみなさんに、教養の向上、レクリエーション等のための場を提供し、老人の心身の健康の増進を図るための施設です。,,,,,,,,,,,,
福祉施設,大柳生老人憩の家,奈良県奈良市大柳生町1990,34.704438,135.929619,―,―,0,○,―,―,―,―,―,地域の高齢者のみなさんに、教養の向上、レクリエーション等のための場を提供し、老人の心身の健康の増進を図るための施設です。,,,,,,,,,,,,
福祉施設,柳生老人憩の家,奈良県奈良市興ヶ原町670-1,34.736254,135.97238,―,―,0,○,―,―,―,―,―,地域の高齢者のみなさんに、教養の向上、レクリエーション等のための場を提供し、老人の心身の健康の増進を図るための施設です。,,,,,,,,,,,,
福祉施設,梅園老人憩の家,奈良県奈良市紀寺町568-7,34.671681,135.833608,―,―,0,○,―,―,―,―,―,地域の高齢者のみなさんに、教養の向上、レクリエーション等のための場を提供し、老人の心身の健康の増進を図るための施設です。,,,,,,,,,,,,
福祉施設,西之阪老人憩の家,奈良県奈良市西之阪町5-1,34.682617,135.822574,―,―,0,○,―,―,―,―,―,地域の高齢者のみなさんに、教養の向上、レクリエーション等のための場を提供し、老人の心身の健康の増進を図るための施設です。,,,,,,,,,,,,
福祉施設,畑中老人憩の家,奈良県奈良市畑中町4-4,34.686931,135.820167,―,―,0,○,―,―,―,―,―,地域の高齢者のみなさんに、教養の向上、レクリエーション等のための場を提供し、老人の心身の健康の増進を図るための施設です。,,,,,,,,,,,,
福祉施設,石打老人憩の家,奈良県奈良市月ヶ瀬石打1171-1,34.722548,136.062517,―,―,0,○,―,―,―,―,―,地域の高齢者のみなさんに、教養の向上、レクリエーション等のための場を提供し、老人の心身の健康の増進を図るための施設です。,,,,,,,,,,,,
福祉施設,桃香野老人憩の家,奈良県奈良市月ヶ瀬桃香野1197,34.706267,136.002462,―,―,0,○,―,―,―,―,―,地域の高齢者のみなさんに、教養の向上、レクリエーション等のための場を提供し、老人の心身の健康の増進を図るための施設です。,,,,,,,,,,,,
福祉施設,尾山老人憩の家,奈良県奈良市月ヶ瀬尾山348-3,34.713321,136.043287,―,―,0,○,―,―,―,―,―,地域の高齢者のみなさんに、教養の向上、レクリエーション等のための場を提供し、老人の心身の健康の増進を図るための施設です。,,,,,,,,,,,,
福祉施設,田原老人軽作業場,奈良県奈良市茗荷町1171,34.655793,135.90519,―,―,0,○,―,―,―,―,―,高齢者の知識、経験及び趣味を生かした郷土民芸品の作製によって、生きがいを与えることを目的とした施設です。,,,,,,,,,,,,
福祉施設,並松老人軽作業場,奈良県奈良市藺生町186-7,34.595358,135.941703,―,―,0,○,―,―,―,―,―,高齢者の知識、経験及び趣味を生かした郷土民芸品の作製によって、生きがいを与えることを目的とした施設です。,,,,,,,,,,,,
幼稚園,飛鳥幼稚園,奈良県奈良市紀寺町826,34.674651,135.839255,0742-23-4249,0742-23-4249,―,○,―,―,○,―,"http://www.naracity.ed.jp/kin01/index.cfm/6,html",―,,,,,,,,,,,,
幼稚園,済美幼稚園,奈良県奈良市西木辻町28,34.675473,135.822399,0742-22-7077,0742-22-7077,―,○,―,―,―,―,"http://www.naracity.ed.jp/kin01/index.cfm/8,html",―,,,,,,,,,,,,
幼稚園,佐保幼稚園,奈良県奈良市法蓮町757-8,34.692999,135.821231,0742-22-7078,0742-22-7078,―,○,―,―,○,―,"http://www.naracity.ed.jp/kin01/index.cfm/9,html",―,,,,,,,,,,,,
幼稚園,大宮幼稚園,奈良県奈良市大宮町2-1-16,34.682801,135.817204,0742-33-0033,0742-33-0033,―,○,―,―,○,―,"http://www.naracity.ed.jp/kin01/index.cfm/10,html",―,,,,,,,,,,,,
幼稚園,大安寺幼稚園,奈良県奈良市大安寺1-7-1,34.669081,135.815594,0742-61-7032,0742-61-7032,―,○,―,―,○,―,"http://www.naracity.ed.jp/kin01/index.cfm/12,html",―,,,,,,,,,,,,
幼稚園,東市幼稚園,奈良県奈良市古市町2243-1,34.656408,135.841892,0742-61-5463,0742-61-5463,―,○,―,―,―,―,"http://www.naracity.ed.jp/kin01/index.cfm/13,html",―,,,,,,,,,,,,
幼稚園,平城幼稚園,奈良県奈良市秋篠町1540-1,34.711409,135.779079,0742-45-4758,0742-45-4758,―,○,―,―,―,―,"http://www.naracity.ed.jp/kin01/index.cfm/14,html",―,,,,,,,,,,,,
幼稚園,明治幼稚園,奈良県奈良市神殿町598-1,34.656742,135.822609,0742-61-2564,0742-61-2564,―,○,―,―,―,―,"http://www.naracity.ed.jp/kin01/index.cfm/15,html",―,,,,,,,,,,,,
幼稚園,伏見幼稚園,奈良県奈良市菅原町367,34.687671,135.775681,0742-45-4745,0742-45-4745,―,○,―,―,―,―,"http://www.naracity.ed.jp/kin01/index.cfm/17,html",―,,,,,,,,,,,,
幼稚園,あやめ池幼稚園,奈良県奈良市あやめ池南9-948-1,34.692992,135.756009,0742-45-0374,0742-45-0374,―,○,―,―,―,―,"http://www.naracity.ed.jp/kin01/index.cfm/18,html",―,,,,,,,,,,,,
幼稚園,富雄北幼稚園,奈良県奈良市三松1-5-6,34.698757,135.731639,0742-45-0515,0742-45-0515,―,○,―,―,○,―,"http://www.naracity.ed.jp/kin01/index.cfm/20,html",―,,,,,,,,,,,,
幼稚園,鶴舞幼稚園,奈良県奈良市鶴舞東町2-1,34.706567,135.751567,0742-45-4753,0742-45-4753,―,○,―,―,―,―,"http://www.naracity.ed.jp/kin01/index.cfm/22,html",―,,,,,,,,,,,,
幼稚園,田原幼稚園,奈良県奈良市横田町199-1,34.659647,135.910737,0742-81-0120,0742-81-0120,―,○,―,―,―,―,"http://www.naracity.ed.jp/kin01/index.cfm/23,html",―,,,,,,,,,,,,
幼稚園,鳥見幼稚園,奈良県奈良市鳥見町3-11-2,34.694871,135.725666,0742-45-7895,0742-45-7895,―,○,―,―,○,―,"http://www.naracity.ed.jp/kin01/index.cfm/24,html",―,,,,,,,,,,,,
幼稚園,登美ヶ丘幼稚園,奈良県奈良市西登美ヶ丘4-21-1,34.71986,135.740511,0742-44-7071,0742-44-7071,―,○,―,―,―,―,"http://www.naracity.ed.jp/kin02/index.cfm/6,html",―,,,,,,,,,,,,
幼稚園,右京幼稚園,奈良県奈良市右京4-11-1,34.721951,135.786365,0742-71-1768,0742-71-1768,―,○,―,―,―,―,"http://www.naracity.ed.jp/kin02/index.cfm/8,html",―,,,,,,,,,,,,
幼稚園,東登美ヶ丘幼稚園,奈良県奈良市東登美ヶ丘4-21-26,34.719853,135.756006,0742-43-3151,0742-43-3151,―,○,―,―,―,―,"http://www.naracity.ed.jp/kin02/index.cfm/9,html",―,,,,,,,,,,,,
幼稚園,二名幼稚園,奈良県奈良市二名1-3722,34.707347,135.737041,0742-43-3150,0742-43-3150,―,○,―,―,―,―,"http://www.naracity.ed.jp/kin02/index.cfm/10,html",―,,,,,,,,,,,,
幼稚園,六条幼稚園,奈良県奈良市六条2-14-2,34.670734,135.772251,0742-43-5698,0742-43-5698,―,○,―,―,―,―,"http://www.naracity.ed.jp/kin02/index.cfm/11,html",―,,,,,,,,,,,,
幼稚園,西大寺北幼稚園,奈良県奈良市西大寺赤田町1-6-2,34.698916,135.772436,0742-43-7435,0742-43-7435,―,○,―,―,―,―,"http://www.naracity.ed.jp/kin02/index.cfm/12,html",―,,,,,,,,,,,,
幼稚園,辰市幼稚園,奈良県奈良市東九条町393-4,34.657244,135.810704,0742-61-1041,0742-61-1041,―,○,―,―,○,―,"http://www.naracity.ed.jp/kin02/index.cfm/13,html",―,,,,,,,,,,,,
幼稚園,富雄第三幼稚園,奈良県奈良市帝塚山南2-11-2,34.676115,135.730901,0742-43-9566,0742-43-9566,―,○,―,―,―,―,"http://www.naracity.ed.jp/kin02/index.cfm/14,html",―,,,,,,,,,,,,
幼稚園,平城西幼稚園,奈良県奈良市東登美ヶ丘3-1168,34.713493,135.7642,0742-47-0507,0742-47-0507,―,○,―,―,―,―,"http://www.naracity.ed.jp/kin02/index.cfm/17,html",―,,,,,,,,,,,,
幼稚園,神功幼稚園,奈良県奈良市神功4-13-1,34.719704,135.777126,0742-71-4647,0742-71-4647,―,○,―,―,―,―,"http://www.naracity.ed.jp/kin02/index.cfm/18,html",―,,,,,,,,,,,,
幼稚園,大安寺西幼稚園,奈良県奈良市大安寺西1-348,34.673448,135.804477,0742-34-7599,0742-34-7599,―,○,―,―,―,―,"http://www.naracity.ed.jp/kin02/index.cfm/19,html",―,,,,,,,,,,,,
幼稚園,三碓幼稚園,奈良県奈良市西千代ヶ丘1-20-32,34.682832,135.742004,0742-47-1581,0742-47-1581,―,○,―,―,―,―,"http://www.naracity.ed.jp/kin02/index.cfm/20,html",―,,,,,,,,,,,,
幼稚園,朱雀幼稚園,奈良県奈良市朱雀6-10-2,34.717174,135.797772,0742-71-5221,0742-71-5221,―,○,―,―,―,―,"http://www.naracity.ed.jp/kin02/index.cfm/21,html",―,,,,,,,,,,,,
幼稚園,鼓阪北幼稚園,奈良県奈良市青山9-3-2,34.708789,135.835972,0742-22-5877,0742-22-5877,―,○,―,―,―,―,"http://www.naracity.ed.jp/kin02/index.cfm/22,html",―,,,,,,,,,,,,
幼稚園,伏見南幼稚園,奈良県奈良市宝来5-5-3,34.681325,135.769863,0742-49-0185,0742-49-0185,―,○,―,―,―,―,"http://www.naracity.ed.jp/kin02/index.cfm/23,html",―,,,,,,,,,,,,
こども園,都祁こども園,奈良県奈良市都祁白石町1026-6,34.606316,135.95749,0743-82-0100,―,―,○,―,―,○,―,http://www.city.nara.lg.jp/www/contents/1425385413730/index.html,―,,,,,,,,,,,,
こども園,月ヶ瀬こども園,奈良県奈良市月ヶ瀬尾山2790,34.711331,136.044839,0743-92-0310,―,―,○,―,―,○,―,http://www.city.nara.lg.jp/www/contents/1425385413730/index.html,―,,,,,,,,,,,,
こども園,帯解こども園,奈良県奈良市柴屋町20,34.644662,135.83003,0742-61-0554,―,―,○,―,―,○,―,http://www.city.nara.lg.jp/www/contents/1425385413730/index.html,―,,,,,,,,,,,,
こども園,布目こども園,奈良県奈良市邑地町40,34.707417,135.980834,0742-94-0411,―,―,○,―,―,○,―,http://www.city.nara.lg.jp/www/contents/1425385413730/index.html,―,,,,,,,,,,,,
こども園,柳生こども園,奈良県奈良市柳生下町156,34.737362,135.951761,0742-94-0303,―,―,○,―,―,○,―,http://www.city.nara.lg.jp/www/contents/1425385413730/index.html,―,,,,,,,,,,,,
こども園,都跡こども園,奈良県奈良市四条大路5-2-55,34.680369,135.789523,0742-33-5661,―,―,○,―,―,○,―,http://www.city.nara.lg.jp/www/contents/1425385413730/index.html,―,,,,,,,,,,,,
こども園,富雄南こども園,奈良県奈良市中町4174,34.674513,135.748376,0742-43-1606,―,―,○,―,―,―,―,http://www.city.nara.lg.jp/www/contents/1425385413730/index.html,―,,,,,,,,,,,,
こども園,青和こども園,奈良県奈良市百楽園4-1-1,34.700432,135.743932,0742-44-9596,―,―,○,―,―,―,―,http://www.city.nara.lg.jp/www/contents/1425385413730/index.html,―,,,,,,,,,,,,
こども園,左京こども園,奈良県奈良市左京3-1-2,34.713953,135.805029,0742-72-0581,―,―,○,―,―,―,―,http://www.city.nara.lg.jp/www/contents/1425385413730/index.html,―,,,,,,,,,,,,
保育園,若草保育園,奈良県奈良市川上町493-1,34.696811,135.834306,0742-22-7019,0742-27-7201,―,○,―,―,○,―,http://www.city.nara.lg.jp/www/contents/1147922344563/index.html,―,,,,,,,,,,,,
保育園,三笠保育園,奈良県奈良市西之阪町9,34.683062,135.822498,0742-22-7018,0742-27-7301,―,○,―,―,○,―,http://www.city.nara.lg.jp/www/contents/1147922344563/index.html,―,,,,,,,,,,,,
保育園,辰市保育園,奈良県奈良市杏町391-2,34.661881,135.801288,0742-61-7020,0742-63-2450,―,○,―,―,○,―,http://www.city.nara.lg.jp/www/contents/1147922344563/index.html,―,,,,,,,,,,,,
保育園,春日保育園,奈良県奈良市西木辻町165-2,34.672661,135.82217,0742-61-7017,0742-63-2470,―,○,―,―,○,―,http://www.city.nara.lg.jp/www/contents/1147922344563/index.html,―,,,,,,,,,,,,
保育園,都南保育園,奈良県奈良市横井1-107-1,34.653963,135.830946,0742-61-2870,0742-63-0226,―,○,―,―,○,―,http://www.city.nara.lg.jp/www/contents/1147922344563/index.html,―,,,,,,,,,,,,
保育園,伏見保育園,奈良県奈良市宝来3-9-35,34.682719,135.775527,0742-44-2666,0742-47-7772,―,○,―,―,○,―,http://www.city.nara.lg.jp/www/contents/1147922344563/index.html,―,,,,,,,,,,,,
保育園,大宮保育園,奈良県奈良市三条大宮町3-8,34.678832,135.816032,0742-33-1355,0742-33-8420,―,○,―,―,○,―,http://www.city.nara.lg.jp/www/contents/1147922344563/index.html,―,,,,,,,,,,,,
保育園,右京保育園,奈良県奈良市右京5-1-1,34.722413,135.78819,0742-71-1186,0742-71-0741,―,○,―,―,○,―,http://www.city.nara.lg.jp/www/contents/1147922344563/index.html,―,,,,,,,,,,,,
保育園,学園南保育園,奈良県奈良市学園南3-15-28,34.693607,135.749513,0742-46-1176,0742-47-7351,―,○,―,―,○,―,http://www.city.nara.lg.jp/www/contents/1147922344563/index.html,―,,,,,,,,,,,,
保育園,高円保育園,奈良県奈良市古市町1249,34.662704,135.835026,0742-61-0139,0742-63-0207,―,○,―,―,○,―,http://www.city.nara.lg.jp/www/contents/1147922344563/index.html,―,,,,,,,,,,,,
保育園,朱雀保育園,奈良県奈良市朱雀6-9,34.716102,135.796732,0742-71-5185,0742-71-0761,―,○,―,―,○,―,http://www.city.nara.lg.jp/www/contents/1147922344563/index.html,―,,,,,,,,,,,,
保育園,京西保育園,奈良県奈良市六条西1-3-43-1,34.6716,135.770904,0742-43-9023,0742-47-6871,―,○,―,―,○,―,http://www.city.nara.lg.jp/www/contents/1147922344563/index.html,―,,,,,,,,,,,,
保育園,富雄保育園,奈良県奈良市三碓6-10-13,34.683416,135.738514,0742-45-9341,0742-47-6761,―,○,―,―,○,―,http://www.city.nara.lg.jp/www/contents/1147922344563/index.html,―,,,,,,,,,,,,
保育園,神功保育園,奈良県奈良市神功4-25-3,34.720658,135.777808,0742-71-9365,0742-71-0751,―,○,―,―,○,―,http://www.city.nara.lg.jp/www/contents/1147922344563/index.html,―,,,,,,,,,,,,
児童館,古市児童館,奈良県奈良市古市町1263,34.661505,135.83478,0742-62-7300,0742-63-0308,4,○,○,―,―,○,http://www.city.nara.lg.jp/www/contents/1271030459079/index.html,児童の人権尊重の精神を養うとともに、これら児童の健全な育成をめざしています。,,,,,,,,,,,,
児童館,横井児童館,奈良県奈良市横井5-337-2,34.650711,135.830133,0742-62-0307,0742-63-0227,30,○,○,―,―,○,http://www.city.nara.lg.jp/www/contents/1285136344840/index.html,児童の人権尊重の精神を養うとともに、これら児童の健全な育成をめざしています。,,,,,,,,,,,,
児童館,東之阪児童館,奈良県奈良市川上町461-1,34.696876,135.83603,0742-27-8263,0742-27-7501,12,○,○,○,―,○,http://www.city.nara.lg.jp/www/contents/1266461931437/index.html,児童の人権尊重の精神を養うとともに、これら児童の健全な育成をめざしています。,,,,,,,,,,,,
児童館,大宮児童館,奈良県奈良市西之阪町5-1,34.682617,135.822574,0742-27-2220,0742-27-2228,3,○,○,―,―,○,http://www.city.nara.lg.jp/www/contents/1271031887568/index.html,児童の人権尊重の精神を養うとともに、これら児童の健全な育成をめざしています。,,,,,,,,,,,,
福祉施設,子ども発達センター,奈良県奈良市紀寺町580-2,34.671700,135.833410,0742-20-2100,0742-24-0780,10,○,○,―,○,―,http://www.city.nara.lg.jp/www/contents/1398926778677/index.html,奈良市子ども発達センター「療育相談室」では、お子さんの「得意なところ」「苦手なところ」を理解しながら、その子に合った関わり方を保護者と一緒に考えていきます。就学前までのお子さんのことで、「かんしゃくが激しくて機嫌が悪いことが多い」「園の友達とやりとりができにくい」「ことばが遅い」など、気になる行動や心配なことについてご相談ください。　,,,,,,,,,,,,
病院・診療所,総合医療センター(メディカルなら),奈良県奈良市柏木町519-5,34.673328,135.799405,0742-33-7876,0742-33-5800,86,○,○,―,○,―,http://www2.mahoroba.ne.jp/~nara-city-med/kensa/kensa.html,―,,,,,,,,,,,,
保健所・教育総合センター,都祁保健センター,奈良県奈良市都祁白石町1084,34.60388,135.957412,0743-82-0341,0743-82-0409,5,○,―,―,―,―,"http://www.city.nara.lg.jp/www/contents/
1149552287164/index.html",都祁保健センターは、都祁・月ヶ瀬・田原・柳生・興東地域の健康相談、健康診査等の健康に関する事業を行うための施設です。,,,,,,,,,,,,
ごみ処理施設,衛生浄化センター,奈良県奈良市奈良市大安寺西2-281,34.671126,135.804586,0742-33-2942,―,18,○,―,―,―,―,https://icity.elg-front.jp/nara/mapApp/mapionservlet?ActionKind=previewbrowser&MI_CODE=1352078996055,―,,,,,,,,,,,,
ごみ処理施設,環境清美センター,奈良県奈良市左京5-2,34.713855,135.809562,0742-71-3000,0742-71-5445,30,○,―,―,○,―,http://www.city.nara.lg.jp/www/genre/0000000000000/1000000001222/index.html,―,,,,,,,,,,,,
ごみ処理施設,土地改良清美事務所,奈良県奈良市米谷町863,34.618547,135.878571,0742-62-2976,0742-62-4670,0,○,―,―,―,―,http://www.city.nara.lg.jp/www/genre/0000000000000/1000000001232/index.html,環境清美工場より排出される焼却灰、及び破砕不燃物の最終処分場。,,,,,,,,,,,,
ごみ処理施設,奈良阪処分地管理事務所,奈良県奈良市奈良阪町1346,34.704457,135.821907,0742-23-4914,0742-23-4914,0,○,―,―,―,―,―,奈良市が収集した一般家庭ゴミの最終処分場。,,,,,,,,,,,,
文化・生涯学習施設(公民館以外),グリーンホール,奈良県奈良市中登美ヶ丘3-1994-10,34.71982,135.749025,0742-45-7407,―,2,○,○,―,―,―,http://www.city.nara.lg.jp/www/contents/1147824567802/index.html,奈良市グリーンホールは、日豪親善、社会福祉、教育・青少年育成など幅広い分野で多大な功績を残した奈良市特別名誉市民故アントニ・Ｊ・グリン神父の記念館として、また、国際交流をはじめとする市民の皆様の交流活動の促進を図ることを目的として建てられました。,,,,,,,,,,,,
観光施設,観光センター,奈良県奈良市奈良市上三条町23-4,34.682281,135.825831,0742-22-3900,―,0,○,○,○,―,―,https://narashikanko.or.jp/info/,―,,,,,,,,,,,,
観光施設,総合観光案内所,奈良県奈良市三条本町1082,34.68174,135.819816,0742-27-2223,―,0,○,○,○,○,―,https://narashikanko.or.jp/info/,―,,,,,,,,,,,,
観光施設,近鉄奈良駅総合観光案内所,奈良県奈良市東向中町29近鉄奈良駅ビル1F,34.684102,135.828092,0742-24-4858,―,0,―,―,―,―,―,https://narashikanko.or.jp/info/,―,,,,,,,,,,,,
観光施設,旧柳生藩家老屋敷,奈良県奈良市柳生町155-1,34.732429,135.950274,0742-94-0002,0742-94-0002,2,○,―,―,―,―,https://narashikanko.or.jp/spot/museum/kyuyagyuhan-karoyashiki/,柳生藩の財政立て直しを行った、家老小山田主鈴の旧屋敷。豪壮な石垣がみごとで、天保12年(1841)尾張石工が築いたと刻まれています。昭和39年作家山岡荘八氏の所有となり、氏の小説「春の坂道」(NHKでドラマ化)の構想を練った屋敷として注目を集め、氏の亡き後は、その意志により、奈良市へ寄贈されました。,,,,,,,,,,,,
観光施設,旧柳生藩陣屋跡,奈良県奈良市柳生町337,34.728813,135.952897,0742-94-0002,―,0,―,―,―,―,―,https://narashikanko.or.jp/spot/park/kyu-yagyuhanjinyaato/,柳生藩主の居所跡で昭和55年6月に史跡公園として整備されました。,,,,,,,,,,,,
観光施設,針テラス情報館,奈良県奈良市針町345,34.610431,135.96322,0743-82-5633,―,500,○,○,―,―,―,http://www.hariinfo.jp/,観光・道路等の各種リアルタイムな情報の提供、都祁がひと目でわかる歴史資料の展示、高原のきれいな空気と水で育った生鮮野菜と手造りから生まれた特産品販売を行っています。,,,,,,,,,,,,
観光施設,ならまち格子の家,奈良県奈良市元興寺町44,34.675017,135.830724,0742-23-4820,―,0,○,○,―,○,―,http://www.city.nara.lg.jp/www/contents/1381131993144/index.html,「ならまち格子の家」は、奈良町の伝統的な町家[主屋(三室一列型・通り庭・つし二階)、中庭、離れ、蔵]を再現しており、外だけでなく中からもじっくりと見ていただけます。間口は狭く、奥行きが深いのが特徴で、奈良独特の格子から差し込む光はどこかあたたかく、ほっと一息つきたくなるような気持ちにさせてくれます。昔の奈良の町家の生活様式に直接ふれていただくとともに、奈良町の情報提供の場、観光客や市民の憩いの場としても自由にご利用いただけます。奈良町散策の休憩にもぜひお越しください。,,,,,,,,,,,,
観光施設,奈良町からくりおもちゃ館,奈良県奈良市陰陽町7,34.677333,135.828119,0742-26-5656 ,0742-26-5656 ,0,○,○,―,○,―,http://karakuri-omochakan.jimdo.com/,奈良町からくりおもちゃ館は、奈良町の伝統的な町家の空間で、昔ながらのおもちゃに触れて遊ぶことができる体験型の施設です。 ,,,,,,,,,,,,
観光施設,奈良町にぎわいの家,奈良県奈良市中新屋町5,34.677247,135.830138,0742-20-1917,―,0,○,○,―,○,―,http://naramachi-nigiwainoie.jp/,"「奈良町にぎわいの家」は、大正6年に建築された町家を改修したものであり、平成27年4月に、当時の暮らしや文化を体感できる施設としてオープンしました。町家の空間を活かしたイベントや伝統行事などを行い、奈良町の文化を発信することで、観光客、地域住民、学生など様々な人が集い、楽しみ、伝え合う場として活用することを目指しています。どうぞお気軽に足をお運びください。
",,,,,,,,,,,,
観光施設,奈良町南観光案内所『鹿の舟』,奈良県奈良市井上町11,34.674053,135.830732,0742-94-3500,―,0,○,○,―,―,―,http://www.kuruminoki.co.jp/shikanofune/,"平成27年11月、奈良町の文化観光施設であった「旧ならまち振興館」が、観光案内所や食堂、カフェを併設した複合施設奈良町南観光案内所『鹿の舟』としてオープンしました！
観光案内をはじめ、かまどで炊いたご飯や奈良県産の旬の食材を使用した朝食・昼食の提供、また、昔から続く暮らしの知恵や文化を学ぶイベントの実施など、生活文化に根ざした奈良の魅力を発信し、奈良町全体の活性化を目指します。ぜひ一度、お立ち寄りください。",,,,,,,,,,,,
観光施設,旧鍋屋交番きたまち案内所(きたまち鍋屋観光案内所),奈良県奈良市半田横町37-2,34.687437,135.829739,0742-23-1928,―,0,○,―,―,―,―,http://www.city.nara.lg.jp/www/contents/1339134894172/,平成24年7月1日(日曜日)、奈良市で初めて、地元の皆様との協働により運営される観光案内施設「旧鍋屋交番　きたまち案内所(奈良市きたまち鍋屋観光案内所)」が半田横町にオープンしました。この建物は、長らく「鍋屋の交番」として親しまれてきた旧奈良警察署鍋屋連絡所(明治41年設置、昭和3年に現在の半田横町に移転)を改築したものです。地域住民の安心のよりどころとして、その役目を終えて数年、一時傷みも目立つようになっていましたが、地域の声によりこのたび保存、改修を経て新たに生まれ変わりました。独特な洋風の外観はそのまま生かし、きたまちの玄関口で、地域の観光案内や地域活動の活性化、大学の研究・教育拠点など、さまざまな活動を実践していくことを目指しています。,,,,,,,,,,,,
観光施設,きたまち転害門観光案内所,奈良県奈良市手貝町54-1,34.691793,135.834861,0742-24-1940,―,0,○,○,―,―,―,http://www.city.nara.lg.jp/www/contents/1368772531937/,平成25年5月25日(土曜日)、地元の皆様との協働により運営される観光案内施設「奈良市きたまち転害門観光案内所」が手貝町にオープンしました。この案内所の建物は、昭和15年に南都銀行手貝支店として建築されました。近代建築家である岩崎平太郎氏により設計され、町家の形態を遺した近代建築として貴重なものです。,,,,,,,,,,,,
文化・生涯学習施設(公民館以外),なら工藝館,奈良県奈良市阿字万字町1-1,34.678705,135.828276,0742-27-0033,0742-27-9922,4,○,○,―,○,―,http://azemame.web.fc2.com/,"工芸家の作品展示を行う常設展示室、個人・グループ・企業などが作品展示に利用できるギャラリー阿字万字『あぜまめ』、各種工芸教室に使用する研修室など。
",,,,,,,,,,,,
勤労者関連施設,勤労者総合福祉センター,奈良県奈良市佐保台西町115,34.713144,135.81108,0742-71-2444,0742-71-9155,62,○,―,―,○,―,http://www.wellby-nara.or.jp/,この施設は、勤労者をはじめとして、広く市民が教養を高め、またスポーツなどを通じて心身の健康を図ってもらうための施設です。また、会議・研修等でも使用できます。,,,,,,,,,,,,
勤労者関連施設,シルバー人材センター,奈良県奈良市八条1-790-1,34.663773,135.802189,0742-50-4004,0742-50-4009,3,○,―,―,―,―,http://nara-sjc.or.jp/,高年齢者の就業機会の増大と福祉の増進を図るとともに、高年齢者の能力を生かした活力ある地域社会づくりに寄与するために業務を行っています。,,,,,,,,,,,,
産業関連施設,きらっ都・奈良,奈良県奈良市橋本町3-1,34.68165,135.829224,0742-27-1111,0742-27-3111,0,○,―,○,―,―,http://machinara.jp/,起業家や起業を志す人への支援を行っています。起業家の販売スペース、コワーキングスペース等もあるほか、会議室・研修室の貸し出しも行っています。,,,,,,,,,,,,
都市整備・建設関連施設,JR奈良駅周辺整備事務所,奈良県奈良市三条本町1-80,34.677666,135.816924,0742-36-0360,0742-35-4725,20,○,―,―,―,―,http://www.city.nara.lg.jp/www/genre/0000000000000/1000000000703/index.html,ＪＲ奈良駅南特定土地区画整理事業,,,,,,,,,,,,
都市整備・建設関連施設,西大寺駅周辺整備事務所,奈良県奈良市西大寺南町2-6,34.691385,135.781644,0742-43-6388,0742-43-8660,2,○,―,―,―,―,http://www.city.nara.lg.jp/www/genre/0000000000000/1000000000708/index.html,主に近鉄西大寺駅南土地区画整理事業、近鉄西大寺駅北側地区整備をおこなっております。,,,,,,,,,,,,
都市整備・建設関連施設,土木管理センター,奈良県奈良市大安寺西2-288-1,34.671601,135.803309,0742-33-3015,0742-33-7068,10,○,―,―,―,―,―,市道の直営維持補修作業等,,,,,,,,,,,,
中学校,春日中学校,奈良県奈良市西木辻町67,34.673663,135.820204,0742-61-7071,0742-62-8462,―,○,―,―,○,○,"http://www.naracity.ed.jp/jhs01/index.cfm/6,html",―,,,,,,,,,,,,
中学校,三笠中学校,奈良県奈良市三条川西町3-1,34.680161,135.806455,0742-33-1472,0742-35-6885,―,○,―,―,○,○,"http://www.naracity.ed.jp/jhs01/index.cfm/7,html",―,,,,,,,,,,,,
中学校,若草中学校,奈良県奈良市法蓮町1416-1,34.69513,135.831518,0742-26-3273,0742-26-3274,―,○,―,―,○,○,"http://www.naracity.ed.jp/jhs01/index.cfm/8,html",―,,,,,,,,,,,,
中学校,伏見中学校,奈良県奈良市西大寺野神町1-6-1,34.696218,135.774142,0742-45-7332,0742-43-5389,―,○,―,―,○,○,"http://www.naracity.ed.jp/jhs01/index.cfm/9,html",―,,,,,,,,,,,,
中学校,富雄中学校,奈良県奈良市三碓2-3-12,34.689545,135.735796,0742-45-4381,0742-43-5387,―,○,―,―,○,○,"http://www.naracity.ed.jp/jhs01/index.cfm/10,html",―,,,,,,,,,,,,
中学校,都南中学校,奈良県奈良市南永井町98-1,34.648727,135.824439,0742-61-7070,0742-61-7079,―,○,―,―,○,○,"http://www.naracity.ed.jp/jhs01/index.cfm/11,html",―,,,,,,,,,,,,
中学校,田原中学校,奈良県奈良市横田町199-1,34.659809,135.912298,0742-81-0021,0742-81-0342,―,○,―,―,○,○,"http://www.naracity.ed.jp/ele02/index.cfm/11,html",―,,,,,,,,,,,,
中学校,興東館柳生中学校,奈良県奈良市大柳生町832,34.712802,135.9339,0742-93-0080,0742-93-0050,―,○,―,―,○,○,"http://www.naracity.ed.jp/jhs01/index.cfm/13,html",―,,,,,,,,,,,,
中学校,登美ヶ丘中学校,奈良県奈良市東登美ケ丘3-1059,34.71364,135.761967,0742-44-3612,0742-43-5355,―,○,―,―,○,○,"http://www.naracity.ed.jp/jhs01/index.cfm/14,html",―,,,,,,,,,,,,
中学校,平城西中学校,奈良県奈良市神功2-1,34.719688,135.780289,0742-71-2011,0742-71-8121,―,○,―,―,○,○,"http://www.naracity.ed.jp/jhs01/index.cfm/15,html",―,,,,,,,,,,,,
中学校,二名中学校,奈良県奈良市二名1-3667-2,34.706291,135.737803,0742-43-9570,0742-48-4573,―,○,―,―,○,○,"http://www.naracity.ed.jp/jhs02/index.cfm/6,html",―,,,,,,,,,,,,
中学校,京西中学校,奈良県奈良市平松4-3-1,34.674265,135.776677,0742-46-5810,0742-45-9406,―,○,―,―,○,○,"http://www.naracity.ed.jp/jhs02/index.cfm/7,html",―,,,,,,,,,,,,
中学校,富雄南中学校,奈良県奈良市藤ノ木台1-5-13,34.68206,135.752957,0742-48-1671,0742-48-4572,―,○,―,―,○,○,"http://www.naracity.ed.jp/jhs02/index.cfm/8,html",―,,,,,,,,,,,,
中学校,平城中学校,奈良県奈良市秋篠町1333,34.708976,135.77381,0742-45-9405,0742-43-9972,―,○,―,―,○,○,"http://www.naracity.ed.jp/jhs02/index.cfm/9,html",―,,,,,,,,,,,,
中学校,飛鳥中学校,奈良県奈良市高畑町1475-1,34.675523,135.849157,0742-22-1890,0742-27-4821,―,○,―,―,○,○,"http://www.naracity.ed.jp/jhs02/index.cfm/15,html",―,,,,,,,,,,,,
中学校,登美ヶ丘北中学校,奈良県奈良市北登美ケ丘1-1-1,34.723654,135.753343,0742-43-0176,0742-49-0178,―,○,―,―,○,○,"http://www.naracity.ed.jp/jhs02/index.cfm/10,html",―,,,,,,,,,,,,
中学校,都跡中学校,奈良県奈良市柏木町13,34.676373,135.795971,0742-33-1378,0742-33-3358,―,○,―,―,○,○,"http://www.naracity.ed.jp/jhs02/index.cfm/11,html",―,,,,,,,,,,,,
中学校,平城東中学校,奈良県奈良市朱雀6-11,34.715578,135.799715,0742-71-6981,0742-71-6300,―,○,―,―,○,○,"http://www.naracity.ed.jp/jhs02/index.cfm/12,html",―,,,,,,,,,,,,
中学校,月ヶ瀬中学校,奈良県奈良市月ヶ瀬尾山2551,34.711197,136.043928,0743-92-0020,0743-92-0895,―,○,―,―,○,○,"http://www.naracity.ed.jp/jhs02/index.cfm/13,html",―,,,,,,,,,,,,
中学校,都祁中学校,奈良県奈良市針町2554,34.606786,135.954707,0743-82-0300,0743-82-0812,―,○,―,―,○,○,"http://www.naracity.ed.jp/jhs02/index.cfm/14,html",―,,,,,,,,,,,,
中学校,富雄第三中学校,奈良県奈良市帝塚山南2-11‐1,34.67582,135.732467,0742-43-9568,0742-45-9407,―,○,―,―,○,○,"http://www.naracity.ed.jp/ele03/index.cfm/12,html",―,,,,,,,,,,,,
小学校,椿井小学校,奈良県奈良市椿井町25,34.680485,135.82821,0742-23-7062,0742-23-7063,―,○,―,―,○,○,"http://www.naracity.ed.jp/ele01/index.cfm/6,html",―,,,,,,,,,,,,
小学校,飛鳥小学校,奈良県奈良市紀寺町785,34.675001,135.836305,0742-26-3201,0742-26-3203,―,○,―,―,○,○,"http://www.naracity.ed.jp/ele01/index.cfm/7,html",―,,,,,,,,,,,,
小学校,鼓阪小学校,奈良県奈良市雑司町97,34.692085,135.835757,0742-26-5006,0742-26-5007,―,○,―,―,○,○,"http://www.naracity.ed.jp/ele01/index.cfm/8,html",―,,,,,,,,,,,,
小学校,済美小学校,奈良県奈良市西木辻町5-2,34.675372,135.823657,0742-26-0312,0742-26-0312,―,○,―,―,○,○,"http://www.naracity.ed.jp/ele01/index.cfm/9,html",―,,,,,,,,,,,,
小学校,佐保小学校,奈良県奈良市法蓮町280-1,34.691115,135.820916,0742-23-7065,0742-23-7066,―,○,―,―,○,○,"http://www.naracity.ed.jp/ele01/index.cfm/10,html",―,,,,,,,,,,,,
小学校,大宮小学校,奈良県奈良市大宮町4-223-1,34.683768,135.810839,0742-33-0031,0742-33-0032,―,○,―,―,○,○,"http://www.naracity.ed.jp/ele01/index.cfm/11,html",―,,,,,,,,,,,,
小学校,都跡小学校,奈良県奈良市四条大路5-6-1,34.680558,135.787946,0742-33-1431,0742-33-1432,―,○,―,―,○,○,"http://www.naracity.ed.jp/ele01/index.cfm/12,html",―,,,,,,,,,,,,
小学校,大安寺小学校,奈良県奈良市大安寺2-15-1,34.669031,135.811275,0742-61-7067,0742-62-8857,―,○,―,―,○,○,"http://www.naracity.ed.jp/ele01/index.cfm/13,html",―,,,,,,,,,,,,
小学校,東市小学校,奈良県奈良市古市町268,34.656203,135.841334,0742-61-6563,0742-61-0920,―,○,―,―,○,○,"http://www.naracity.ed.jp/ele01/index.cfm/14,html",―,,,,,,,,,,,,
小学校,平城小学校,奈良県奈良市秋篠町1394,34.710991,135.778301,0742-45-4151,0742-49-0182,―,○,―,―,○,○,"http://www.naracity.ed.jp/ele01/index.cfm/15,html",―,,,,,,,,,,,,
小学校,辰市小学校,奈良県奈良市西九条町1-7-1,34.658998,135.807012,0742-61-7069,0742-64-2604,―,○,―,―,○,○,"http://www.naracity.ed.jp/ele01/index.cfm/16,html",―,,,,,,,,,,,,
小学校,明治小学校,奈良県奈良市北永井町414,34.656276,135.822416,0742-62-4464,0742-62-8463,―,○,―,―,○,○,"http://www.naracity.ed.jp/ele01/index.cfm/17,html",―,,,,,,,,,,,,
小学校,帯解小学校,奈良県奈良市柴屋町9,34.644723,135.829066,0742-62-4411,0742-62-7464,―,○,―,―,○,○,"http://www.naracity.ed.jp/ele02/index.cfm/6,html",―,,,,,,,,,,,,
小学校,伏見小学校,奈良県奈良市菅原町370,34.688056,135.775101,0742-45-4488,0742-43-1140,―,○,―,―,○,○,"http://www.naracity.ed.jp/ele02/index.cfm/8,html",―,,,,,,,,,,,,
小学校,富雄南小学校,奈良県奈良市中町4185,34.674484,135.749455,0742-45-4631,0742-48-4574,―,○,―,―,○,○,"http://www.naracity.ed.jp/ele02/index.cfm/9,html",―,,,,,,,,,,,,
小学校,富雄北小学校,奈良県奈良市富雄北1-13-6,34.696963,135.732603,0742-45-7071,0742-45-7072,―,○,―,―,○,○,"http://www.naracity.ed.jp/ele02/index.cfm/10,html",―,,,,,,,,,,,,
小学校,田原小学校,奈良県奈良市横田町199-1,34.659395,135.911329,0742-81-0021,0742-81-0342,―,○,―,―,○,○,"http://www.naracity.ed.jp/ele02/index.cfm/11,html",―,,,,,,,,,,,,
小学校,柳生小学校,奈良県奈良市柳生下町138,34.737976,135.95098,0742-94-0223,0742-94-0907,―,○,―,―,○,○,"http://www.naracity.ed.jp/ele02/index.cfm/12,html",―,,,,,,,,,,,,
小学校,興東小学校,奈良県奈良市須川町1424,34.717387,135.911858,0742-95-0202,0742-95-0844,―,○,―,―,○,○,"http://www.naracity.ed.jp/ele02/index.cfm/13,html",―,,,,,,,,,,,,
小学校,あやめ池小学校,奈良県奈良市あやめ池南9-939-39,34.692807,135.757954,0742-45-7461,0742-45-7462,―,○,―,―,○,○,"http://www.naracity.ed.jp/ele02/index.cfm/14,html",―,,,,,,,,,,,,
小学校,鶴舞小学校,奈良県奈良市鶴舞東町2-1,34.706769,135.75301,0742-45-7321,0742-48-4575,―,○,―,―,○,○,"http://www.naracity.ed.jp/ele02/index.cfm/15,html",―,,,,,,,,,,,,
小学校,鳥見小学校,奈良県奈良市鳥見町3-11-2,34.694811,135.724618,0742-43-4723,0742-45-4821,―,○,―,―,○,○,"http://www.naracity.ed.jp/ele02/index.cfm/16,html",―,,,,,,,,,,,,
小学校,登美ヶ丘小学校,奈良県奈良市西登美ケ丘4-21-1,34.720265,135.738919,0742-44-2661,0742-45-7853,―,○,―,―,○,○,"http://www.naracity.ed.jp/ele02/index.cfm/17,html",―,,,,,,,,,,,,
小学校,六条小学校,奈良県奈良市六条2-14-1,34.670992,135.771401,0742-44-2606,0742-43-4570,―,○,―,―,○,○,"http://www.naracity.ed.jp/ele03/index.cfm/6,html",―,,,,,,,,,,,,
小学校,青和小学校,奈良県奈良市百楽園4-1-1,34.70033,135.742919,0742-44-2668,0742-49-0184,―,○,―,―,○,○,"http://www.naracity.ed.jp/ele03/index.cfm/7,html",―,,,,,,,,,,,,
小学校,右京小学校,奈良県奈良市右京4-11-1,34.721661,135.786407,0742-71-5524,0742-71-1014,―,○,―,―,○,○,"http://www.naracity.ed.jp/ele03/index.cfm/8,html",―,,,,,,,,,,,,
小学校,東登美ヶ丘小学校,奈良県奈良市東登美ケ丘4-21-33,34.720649,135.756031,0742-43-3850,0742-47-2565,―,○,―,―,○,○,"http://www.naracity.ed.jp/ele03/index.cfm/9,html",―,,,,,,,,,,,,
小学校,二名小学校,奈良県奈良市二名1-3716-1,34.708146,135.737131,0742-43-3810,0742-43-8466,―,○,―,―,○,○,"http://www.naracity.ed.jp/ele03/index.cfm/10,html",―,,,,,,,,,,,,
小学校,西大寺北小学校,奈良県奈良市西大寺赤田町1-6-1,34.699182,135.773497,0742-43-7433,0742-43-4518,―,○,―,―,○,○,"http://www.naracity.ed.jp/ele03/index.cfm/11,html",―,,,,,,,,,,,,
小学校,富雄第三小学校,奈良県奈良市帝塚山南2-11-1,34.67582,135.732467,0742-43-9568,0742-45-9407,―,○,―,―,○,○,"http://www.naracity.ed.jp/ele03/index.cfm/12,html",―,,,,,,,,,,,,
小学校,平城西小学校,奈良県奈良市東登美ケ丘3-1093-1,34.714053,135.763931,0742-47-0506,0742-47-0237,―,○,―,―,○,○,"http://www.naracity.ed.jp/ele03/index.cfm/13,html",―,,,,,,,,,,,,
小学校,大安寺西小学校,奈良県奈良市大安寺西1-342,34.674222,135.805675,0742-33-6163,0742-34-9057,―,○,―,―,―,○,"http://www.naracity.ed.jp/ele03/index.cfm/14,html",―,,,,,,,,,,,,
小学校,三碓小学校,奈良県奈良市西千代ケ丘1-20-9,34.683249,135.741626,0742-47-1546,0742-47-3079,―,○,―,―,○,○,"http://www.naracity.ed.jp/ele03/index.cfm/15,html",―,,,,,,,,,,,,
小学校,神功小学校,奈良県奈良市神功2-2,34.720039,135.778312,0742-71-5218,0742-71-7618,―,○,―,―,○,○,"http://www.naracity.ed.jp/ele03/index.cfm/16,html",―,,,,,,,,,,,,
小学校,朱雀小学校,奈良県奈良市朱雀6-10-1,34.716191,135.797991,0742-71-5220,0742-71-7583,―,○,―,―,○,○,"http://www.naracity.ed.jp/ele03/index.cfm/17,html",―,,,,,,,,,,,,
小学校,済美南小学校,奈良県奈良市南京終町676,34.664134,135.821552,0742-62-7872,0742-62-9112,―,○,―,―,○,○,"http://www.naracity.ed.jp/ele04/index.cfm/6,html",―,,,,,,,,,,,,
小学校,鼓阪北小学校,奈良県奈良市青山9-3-1,34.708791,135.837394,0742-22-5878,0742-27-7530,―,○,―,―,○,○,"http://www.naracity.ed.jp/ele04/index.cfm/7,html",―,,,,,,,,,,,,
小学校,伏見南小学校,奈良県奈良市宝来5-2-1,34.680739,135.770056,0742-49-0180,0742-49-0486,―,○,―,―,○,○,"http://www.naracity.ed.jp/ele04/index.cfm/8,html",―,,,,,,,,,,,,
小学校,佐保台小学校,奈良県奈良市佐保台3-902-341,34.710055,135.816591,0742-71-0460,0742-71-0418,―,○,―,―,○,○,"http://www.naracity.ed.jp/ele04/index.cfm/9,html",―,,,,,,,,,,,,
小学校,佐保川小学校,奈良県奈良市法蓮町229-1,34.688718,135.815574,0742-35-5856,0742-35-5857,―,○,―,―,○,○,"http://www.naracity.ed.jp/ele04/index.cfm/16,html",―,,,,,,,,,,,,
小学校,左京小学校,奈良県奈良市左京3-1-1,34.713974,135.805941,0742-72-0582,0742-72-0583,―,○,―,―,○,○,"http://www.naracity.ed.jp/ele04/index.cfm/10,html",―,,,,,,,,,,,,
小学校,月ヶ瀬小学校,奈良県奈良市月ヶ瀬尾山2350-1,34.710037,136.043391,0743-92-0014,0743-92-0015,―,○,―,―,○,○,"http://www.naracity.ed.jp/ele04/index.cfm/11,html",―,,,,,,,,,,,,
小学校,都祁小学校,奈良県奈良市都祁白石町974,34.604904,135.958867,0743-82-0053,0743-82-2524,―,○,―,―,○,○,"http://www.naracity.ed.jp/ele04/index.cfm/13,html",―,,,,,,,,,,,,
公民館,中部公民館,奈良県奈良市上三条町23-4,34.682281,135.825831,0742-26-6506,0742-26-3263,16,○,○,―,○,○,http://manabunara.jp/contents_detail.php?frmId=2,中部公民館は、奈良市のちょうど中心部に位置し、近鉄奈良駅から歩いて5分の所にある公民館です。日頃多くの自主グループの方々が活動されている他、中部公民館主催の楽しい講座がたくさんありますので、気軽にお立ち寄りください。,,,,,,,,,,,,
公民館,西部公民館,奈良県奈良市学園南3-1-5西部会館4～6F,34.696719,135.75023,0742-44-0101,0742-44-0103,77,○,○,―,○,○,http://manabunara.jp/soshiki_view.php?so_cd1=4&so_cd2=0&so_cd3=0&so_cd4=0&so_cd5=0,西部公民館は昭和46年に開館し、現在は、近鉄学園前駅の南側に移転しています。中部公民館と同様に大規模館で、新館はオープンしてまだ日も浅く、綺麗な建物です。ぜひ一度、お立ち寄りください。,,,,,,,,,,,,
公民館,南部公民館,奈良県奈良市山町27-1,34.643747,135.828719,0742-62-5931,0742-62-5931,9,○,○,―,○,○,http://manabunara.jp/soshiki_view.php?so_cd1=5&so_cd2=0&so_cd3=0&so_cd4=0&so_cd5=0,南部公民館は、都南中学校区にある最も歴史ある地区館です。誰でもいつでも、自由に気軽に、さまざまな学習活動ができる、身近な公民館をめざしています。ぜひ一度、お立ち寄りください。,,,,,,,,,,,,
公民館,三笠公民館,奈良県奈良市大宮町4-313-3,34.682917,135.808682,0742-33-0515,0742-33-0515,11,○,○,―,○,○,http://manabunara.jp/soshiki_view.php?so_cd1=6&so_cd2=0&so_cd3=0&so_cd4=0&so_cd5=0,三笠公民館は、昭和47年に開館しました。交通の便の良さもあって、さまざまなグループや地域の自治会などが使用され、現在では約150グループがあります。ここからあなたの生涯学習をはじめませんか？,,,,,,,,,,,,
公民館,田原公民館,奈良県奈良市茗荷町1078-1,34.657079,135.907704,0742-81-0888,0742-81-0001,26,○,○,―,○,○,http://manabunara.jp/soshiki_view.php?so_cd1=7&so_cd2=0&so_cd3=0&so_cd4=0&so_cd5=0,田原公民館は、奈良市東部山間に位置し、御陵や遺跡が数多く残る歴史の薫り高き田原地区に設立されております。山里にふさわしい、地域に根ざした特色ある講座の展開をモットーにしております。森林浴にお越しください。,,,,,,,,,,,,
公民館,富雄公民館,奈良県奈良市鳥見町2-9,34.689225,135.72684,0742-43-5386,0742-43-5386,17,○,○,―,○,○,http://manabunara.jp/soshiki_view.php?so_cd1=8&so_cd2=0&so_cd3=0&so_cd4=0&so_cd5=0,富雄公民館は、児童公園の豊かな緑を背景に佇んでいます。笑顔と活気がもっともっとあふれる公民館をめざして、これからもみなさんの学びをお手伝いしていきます。気軽に立ち寄ってみてください。,,,,,,,,,,,,
公民館,柳生公民館,奈良県奈良市柳生町340,34.728165,135.952935,0742-94-0504,0742-94-0504,30,○,―,―,○,○,http://manabunara.jp/soshiki_view.php?so_cd1=9&so_cd2=0&so_cd3=0&so_cd4=0&so_cd5=0,柳生公民館は、奈良市東部に位置し、剣豪の里として名高く、柳生陣屋跡をはじめ家老屋敷、ほうそう地蔵、一刀石など柳生一族ゆかりの史跡が多く存在します。,,,,,,,,,,,,
公民館,若草公民館,奈良県奈良市川上町575,34.692539,135.83242,0742-26-0130,0742-26-0130,5,○,○,―,○,○,http://manabunara.jp/soshiki_view.php?so_cd1=10&so_cd2=0&so_cd3=0&so_cd4=0&so_cd5=0,若草公民館は奈良市の旧市街北東部に位置し、奈良公園の一部と東大寺のほぼ全域を含む若草中学校区にあり、奈良市立公民館のなかでは唯一の木造建築です。町並みにとけ込んだ白壁に瓦葺きの美しい若草公民館にぜひ一度お越しください。,,,,,,,,,,,,
公民館,登美ヶ丘公民館,奈良県奈良市中登美ヶ丘3-4162-81,34.719763,135.748611,0742-43-7431,0742-43-7431,21,○,○,―,○,○,http://manabunara.jp/soshiki_view.php?so_cd1=11&so_cd2=0&so_cd3=0&so_cd4=0&so_cd5=0,登美ヶ丘公民館は周辺一帯に中登美団地が広がり、利用者の多くが団地住民という特色を持っています。みなさんにとって身近な存在であるように、地域とともにある公民館づくりをめざします。,,,,,,,,,,,,
公民館,興東公民館,奈良県奈良市大柳生町3633,34.707304,135.928895,0742-93-0400,0742-93-0400,5,○,―,―,○,○,http://manabunara.jp/soshiki_view.php?so_cd1=12&so_cd2=0&so_cd3=0&so_cd4=0&so_cd5=0,興東公民館は、奈良市の北東部に位置し、須川ダムの桜・大柳生の太鼓踊り・円成寺の紅葉と雪景色・・・と四季折々の美しい自然に囲まれたところにあります。「興東」の名は、奈良市の東部を興すという願いのもとに名付けられたものです。旧市街地より車でたった20分。自然豊かな公民館へぜひお越しください。,,,,,,,,,,,,
公民館,春日公民館,奈良県奈良市南京終町1-86-1,34.671917,135.822508,0742-62-2253,0742-62-2253,5,○,○,―,○,○,http://manabunara.jp/soshiki_view.php?so_cd1=13&so_cd2=0&so_cd3=0&so_cd4=0&so_cd5=0,春日公民館は観光客でにぎわうならまちの南西部一帯に広がる春日中学校区内に位置し、昭和51年12月、奈良市で11番目に誕生した公民館です。健康や歴史、生活に潤いを与える講座を数多く企画しております。また多様な自主グループもありますので、ぜひご参加ください。,,,,,,,,,,,,
公民館,二名公民館,奈良県奈良市学園赤松町3684,34.705221,135.73814,0742-46-9113,0742-46-9113,8,○,○,―,○,○,http://manabunara.jp/soshiki_view.php?so_cd1=14&so_cd2=0&so_cd3=0&so_cd4=0&so_cd5=0,二名公民館は、昭和53年5月に奈良市で12番目の公民館として開館しました。奈良市の北西に位置し、若葉、紅葉と四季折々に変化する自然に囲まれ、近くには二名中学校、二名小学校、二名幼稚園があり、生涯学習の拠点となっています。,,,,,,,,,,,,
公民館,京西公民館,奈良県奈良市六条西1-3-43-2,34.671972,135.770973,0742-44-2669,0742-44-2669,6,○,○,―,○,○,http://manabunara.jp/soshiki_view.php?so_cd1=15&so_cd2=0&so_cd3=0&so_cd4=0&so_cd5=0,京西公民館は、西の京丘陵上の赤膚山の近くにあり、住宅地に囲まれ、早くから自主グループが活発に活動しています。これからも、他の館に劣らず活発な公民館へと意欲満々です。,,,,,,,,,,,,
公民館,平城西公民館,奈良県奈良市神功4-25,34.720617,135.777428,0742-71-5711,0742-71-5711,10,○,○,―,○,○,http://manabunara.jp/soshiki_view.php?so_cd1=16&so_cd2=0&so_cd3=0&so_cd4=0&so_cd5=0,平城西公民館は、平城ニュータウン開発の初期に開館し、ニュータウンとともに成長してきました。行けばいつでも誰かに会える、そんな地域の交流スポットをめざしています。,,,,,,,,,,,,
公民館,伏見公民館,奈良県奈良市青野町2-13-4,34.68948,135.774168,0742-45-9864,0742-45-9864,10,○,○,―,○,○,http://manabunara.jp/soshiki_view.php?so_cd1=17&so_cd2=0&so_cd3=0&so_cd4=0&so_cd5=0,旧伏見町のほぼまんなかに、伏見公民館はあります。乳幼児のお母さんから高齢者まで、多くの方に利用してもらっています。ぜひおたちよりください。,,,,,,,,,,,,
公民館,富雄南公民館,奈良県奈良市中町501-3,34.678572,135.750493,0742-48-3066,0742-48-3066,10,○,○,―,○,○,http://manabunara.jp/soshiki_view.php?so_cd1=18&so_cd2=0&so_cd3=0&so_cd4=0&so_cd5=0,富雄南公民館は、奈良市西部に位置し、学園前駅の南側、バラ園で有名な霊山寺の東側にあります。近くにお越しの際は、お気軽にご来館ください。,,,,,,,,,,,,
公民館,平城公民館,奈良県奈良市秋篠町1468,34.706211,135.777631,0742-48-3578,0742-48-3578,15,○,○,―,○,○,http://manabunara.jp/soshiki_view.php?so_cd1=19&so_cd2=0&so_cd3=0&so_cd4=0&so_cd5=0,秋篠寺より徒歩10分のところに平城公民館はあります。いつも子どもたちの笑顔が輝く公民館として、子どもたちの居場所づくりを行っています。子どもたちだけでなく大人の方たちの笑顔もたくさんあります。そんな当館へぜひ一度来てみてください！,,,,,,,,,,,,
公民館,飛鳥公民館,奈良県奈良市紀寺町984,34.675789,135.835342,0742-23-2804,0742-23-2804,4,○,○,―,○,○,http://manabunara.jp/soshiki_view.php?so_cd1=20&so_cd2=0&so_cd3=0&so_cd4=0&so_cd5=0,飛鳥公民館は、奈良公園、ならまちの一角に位置し、元興寺の寺名が飛鳥寺と呼ばれるところからこの名がつけられました。出会い・ふれあい・学びあい・助けあいを基本に、多種多様な学習をしており、自由に気軽に参加ができる公民館です。,,,,,,,,,,,,
公民館,都跡公民館,奈良県奈良市五条町204-1,34.675093,135.789164,0742-34-5954,0742-34-5954,15,○,○,―,○,○,http://manabunara.jp/soshiki_view.php?so_cd1=21&so_cd2=0&so_cd3=0&so_cd4=0&so_cd5=0,都跡公民館は、唐招提寺や薬師寺・平城宮跡などの遺産に囲まれた地区にある公民館です。歴史的風土の町並みに溶け込んだ瓦葺の大和の民家風建物が、当館の自慢です。地域の生涯学習の拠点として、地域のみなさんとともに歩んでいく公民館をモットーに活動を行っています。,,,,,,,,,,,,
公民館,登美ヶ丘南公民館,奈良県奈良市中山町西2-921-1,34.713117,135.75464,0742-47-6375,0742-47-6375,16,○,○,―,○,○,http://manabunara.jp/soshiki_view.php?so_cd1=22&so_cd2=0&so_cd3=0&so_cd4=0&so_cd5=0,登美ヶ丘南公民館は近鉄学園前駅の北部に位置し、ならやま大通りの南、閑静な住宅地の一角にあります。平成元年に設立され、生涯学習の拠点として、地域の人に愛される公民館をめざしています。ぜひ一度お立ち寄りください。,,,,,,,,,,,,
公民館,平城東公民館,奈良県奈良市朱雀6-9-1,34.71601,135.797266,0742-71-9677,0742-71-9677,20,○,○,―,○,○,http://manabunara.jp/soshiki_view.php?so_cd1=23&so_cd2=0&so_cd3=0&so_cd4=0&so_cd5=0,平城東公民館は、奈良市北部、平城ニュータウンの中にあります。関西学術研究都市の開発が進むなか、新しいまちの公民館として平成2年に開館しました。一番若い公民館です。,,,,,,,,,,,,
公民館,月ヶ瀬公民館,奈良県奈良市月ヶ瀬尾山2815,34.710293,136.044343,0743-92-0346,0743-92-0346,100,○,○,―,―,○,http://manabunara.jp/soshiki_view.php?so_cd1=24&so_cd2=0&so_cd3=0&so_cd4=0&so_cd5=0,自然豊かな環境の中にある月ヶ瀬公民館。さまざまな講座の開催やサークル活動の場となっています。これからも、地域の人たちの学びと触れ合いを提供できる公民館でありたいと思います。,,,,,,,,,,,,
公民館,都祁公民館,奈良県奈良市針町2191,34.612652,135.955842,0743-82-1362,0743-82-1362,23,○,―,―,○,○,http://manabunara.jp/soshiki_view.php?so_cd1=25&so_cd2=0&so_cd3=0&so_cd4=0&so_cd5=0,都祁は、豊かな自然のなかに歴史のロマンが息づく地域です。爽やかな風吹く高原の里「都祁」へ、みなさま、ぜひ一度お立ち寄りください。,,,,,,,,,,,,
公民館,西部公民館学園大和分館,奈良県奈良市学園大和町1-187,34.687834,135.747355,0742-49-5402,―,5,○,○,―,―,―,―,公民館分館は、だれでも、いつでも、さまざまな学習活動をするため、自由に、気軽に使用できる社会教育施設です。地域の連帯を深めながら人間的成長を図り、社会教育団体や学習グループにその活動の場を提供します。,,,,,,,,,,,,
公民館,南部公民館精華分館,奈良県奈良市高樋町640-1,34.633288,135.853798,0742-64-3818,―,30,○,○,―,―,○,―,公民館分館は、だれでも、いつでも、さまざまな学習活動をするため、自由に、気軽に使用できる社会教育施設です。地域の連帯を深めながら人間的成長を図り、社会教育団体や学習グループにその活動の場を提供します。,,,,,,,,,,,,
公民館,南部公民館東九条分館,奈良県奈良市東九条町318,34.657732,135.812744,―,―,0,○,―,―,―,―,―,公民館分館は、だれでも、いつでも、さまざまな学習活動をするため、自由に、気軽に使用できる社会教育施設です。地域の連帯を深めながら人間的成長を図り、社会教育団体や学習グループにその活動の場を提供します。,,,,,,,,,,,,
公民館,南部公民館明治分館,奈良県奈良市北永井町508-2,34.655884,135.826506,0742-62-6728,―,5,○,○,―,―,―,―,公民館分館は、だれでも、いつでも、さまざまな学習活動をするため、自由に、気軽に使用できる社会教育施設です。地域の連帯を深めながら人間的成長を図り、社会教育団体や学習グループにその活動の場を提供します。,,,,,,,,,,,,
公民館,三笠公民館大安寺西分館,奈良県奈良市四条大路南町1-22,34.677059,135.80655,―,―,8,○,○,―,―,―,―,公民館分館は、だれでも、いつでも、さまざまな学習活動をするため、自由に、気軽に使用できる社会教育施設です。地域の連帯を深めながら人間的成長を図り、社会教育団体や学習グループにその活動の場を提供します。,,,,,,,,,,,,
公民館,田原公民館横田分館,奈良県奈良市横田町336-1,34.658256,135.910348,―,―,5,○,―,―,―,―,―,公民館分館は、だれでも、いつでも、さまざまな学習活動をするため、自由に、気軽に使用できる社会教育施設です。地域の連帯を深めながら人間的成長を図り、社会教育団体や学習グループにその活動の場を提供します。,,,,,,,,,,,,
公民館,田原公民館水間分館,奈良県奈良市水間町989-1,34.672571,135.945959,0742-81-0778,―,7,○,―,―,―,―,―,公民館分館は、だれでも、いつでも、さまざまな学習活動をするため、自由に、気軽に使用できる社会教育施設です。地域の連帯を深めながら人間的成長を図り、社会教育団体や学習グループにその活動の場を提供します。,,,,,,,,,,,,
公民館,田原公民館杣ノ川分館,奈良県奈良市杣ノ川町698,34.648622,135.944927,―,―,10,○,―,―,―,―,―,公民館分館は、だれでも、いつでも、さまざまな学習活動をするため、自由に、気軽に使用できる社会教育施設です。地域の連帯を深めながら人間的成長を図り、社会教育団体や学習グループにその活動の場を提供します。,,,,,,,,,,,,
公民館,富雄公民館元町分館,奈良県奈良市富雄北2-2-8,34.694908,135.736454,0742-46-1431,―,4,○,○,―,―,―,―,公民館分館は、だれでも、いつでも、さまざまな学習活動をするため、自由に、気軽に使用できる社会教育施設です。地域の連帯を深めながら人間的成長を図り、社会教育団体や学習グループにその活動の場を提供します。,,,,,,,,,,,,
公民館,柳生公民館興ヶ原分館,奈良県奈良市興ヶ原町349-1,34.735511,135.96781,―,―,0,○,―,―,―,―,―,公民館分館は、だれでも、いつでも、さまざまな学習活動をするため、自由に、気軽に使用できる社会教育施設です。地域の連帯を深めながら人間的成長を図り、社会教育団体や学習グループにその活動の場を提供します。,,,,,,,,,,,,
公民館,柳生公民館邑地分館,奈良県奈良市邑地町451-4,34.716301,135.979146,0742-94-0126,―,20,○,―,―,―,○,―,公民館分館は、だれでも、いつでも、さまざまな学習活動をするため、自由に、気軽に使用できる社会教育施設です。地域の連帯を深めながら人間的成長を図り、社会教育団体や学習グループにその活動の場を提供します。,,,,,,,,,,,,
公民館,柳生公民館丹生分館,奈良県奈良市丹生町847,34.697431,135.965852,―,―,10,○,―,―,―,―,―,公民館分館は、だれでも、いつでも、さまざまな学習活動をするため、自由に、気軽に使用できる社会教育施設です。地域の連帯を深めながら人間的成長を図り、社会教育団体や学習グループにその活動の場を提供します。,,,,,,,,,,,,
公民館,柳生公民館北野山分館,奈良県奈良市北野山町724,34.693438,135.973635,―,―,3,○,―,―,―,―,―,公民館分館は、だれでも、いつでも、さまざまな学習活動をするため、自由に、気軽に使用できる社会教育施設です。地域の連帯を深めながら人間的成長を図り、社会教育団体や学習グループにその活動の場を提供します。,,,,,,,,,,,,
公民館,若草公民館佐保分館,奈良県奈良市法蓮町291-3,34.690209,135.819917,―,―,20,○,○,―,―,―,―,公民館分館は、だれでも、いつでも、さまざまな学習活動をするため、自由に、気軽に使用できる社会教育施設です。地域の連帯を深めながら人間的成長を図り、社会教育団体や学習グループにその活動の場を提供します。,,,,,,,,,,,,
公民館,興東公民館東里分館,奈良県奈良市須川町776,34.716249,135.910292,0742-95-0900,―,25,○,―,―,―,―,―,公民館分館は、だれでも、いつでも、さまざまな学習活動をするため、自由に、気軽に使用できる社会教育施設です。地域の連帯を深めながら人間的成長を図り、社会教育団体や学習グループにその活動の場を提供します。,,,,,,,,,,,,
公民館,興東公民館狭川分館,奈良県奈良市下狭川町3109-2,34.735,135.912995,0742-95-0004,―,5,○,―,―,―,○,―,公民館分館は、だれでも、いつでも、さまざまな学習活動をするため、自由に、気軽に使用できる社会教育施設です。地域の連帯を深めながら人間的成長を図り、社会教育団体や学習グループにその活動の場を提供します。,,,,,,,,,,,,
公民館,興東公民館大平尾分館,奈良県奈良市大平尾町471,34.682948,135.926531,0742-93-0443,―,7,○,―,―,―,○,―,公民館分館は、だれでも、いつでも、さまざまな学習活動をするため、自由に、気軽に使用できる社会教育施設です。地域の連帯を深めながら人間的成長を図り、社会教育団体や学習グループにその活動の場を提供します。,,,,,,,,,,,,
公民館,春日公民館西木辻分館,奈良県奈良市西木辻町200-67,34.674356,135.825548,―,―,0,○,―,―,―,―,―,公民館分館は、だれでも、いつでも、さまざまな学習活動をするため、自由に、気軽に使用できる社会教育施設です。地域の連帯を深めながら人間的成長を図り、社会教育団体や学習グループにその活動の場を提供します。,,,,,,,,,,,,
公民館,春日公民館大安寺分館,奈良県奈良市大安寺4-4-34,34.670954,135.812379,0742-61-6527,―,8,○,○,―,―,―,―,公民館分館は、だれでも、いつでも、さまざまな学習活動をするため、自由に、気軽に使用できる社会教育施設です。地域の連帯を深めながら人間的成長を図り、社会教育団体や学習グループにその活動の場を提供します。,,,,,,,,,,,,
公民館,春日公民館済美南分館,奈良県奈良市南京終町7-554-3,34.665572,135.826242,―,―,8,○,○,―,―,―,―,公民館分館は、だれでも、いつでも、さまざまな学習活動をするため、自由に、気軽に使用できる社会教育施設です。地域の連帯を深めながら人間的成長を図り、社会教育団体や学習グループにその活動の場を提供します。,,,,,,,,,,,,
公民館,二名公民館二名分館,奈良県奈良市二名1-2400-4,37.705139,135.733934,―,―,15,○,○,―,―,―,―,公民館分館は、だれでも、いつでも、さまざまな学習活動をするため、自由に、気軽に使用できる社会教育施設です。地域の連帯を深めながら人間的成長を図り、社会教育団体や学習グループにその活動の場を提供します。,,,,,,,,,,,,
公民館,二名公民館西登美ヶ丘分館,奈良県奈良市西登美ヶ丘5-3-9,34.713212,135.738166,―,―,10,○,○,―,―,―,―,公民館分館は、だれでも、いつでも、さまざまな学習活動をするため、自由に、気軽に使用できる社会教育施設です。地域の連帯を深めながら人間的成長を図り、社会教育団体や学習グループにその活動の場を提供します。,,,,,,,,,,,,
公民館,京西公民館平松分館,奈良県奈良市平松1-24-1,34.679309,135.776737,―,―,8,○,―,―,―,―,―,公民館分館は、だれでも、いつでも、さまざまな学習活動をするため、自由に、気軽に使用できる社会教育施設です。地域の連帯を深めながら人間的成長を図り、社会教育団体や学習グループにその活動の場を提供します。,,,,,,,,,,,,
公民館,伏見公民館あやめ池分館,奈良県奈良市あやめ池南1-7-62,34.696341,135.759974,0742-45-4743,―,7,○,○,―,○,―,―,公民館分館は、だれでも、いつでも、さまざまな学習活動をするため、自由に、気軽に使用できる社会教育施設です。地域の連帯を深めながら人間的成長を図り、社会教育団体や学習グループにその活動の場を提供します。,,,,,,,,,,,,
公民館,平城公民館歌姫分館,奈良県奈良市歌姫町1094,34.703758,135.79565,―,―,4,○,―,―,―,―,―,公民館分館は、だれでも、いつでも、さまざまな学習活動をするため、自由に、気軽に使用できる社会教育施設です。地域の連帯を深めながら人間的成長を図り、社会教育団体や学習グループにその活動の場を提供します。,,,,,,,,,,,,
公民館,飛鳥公民館白毫寺分館,奈良県奈良市白毫寺町58-2,34.671041,135.846882,―,―,16,○,―,―,―,―,―,公民館分館は、だれでも、いつでも、さまざまな学習活動をするため、自由に、気軽に使用できる社会教育施設です。地域の連帯を深めながら人間的成長を図り、社会教育団体や学習グループにその活動の場を提供します。,,,,,,,,,,,,
公民館,都跡公民館佐紀分館,奈良県奈良市佐紀町3089,34.698612,135.7935,―,―,8,○,―,―,―,―,―,公民館分館は、だれでも、いつでも、さまざまな学習活動をするため、自由に、気軽に使用できる社会教育施設です。地域の連帯を深めながら人間的成長を図り、社会教育団体や学習グループにその活動の場を提供します。,,,,,,,,,,,,
文化・生涯学習施設(公民館以外),生涯学習センター,奈良県奈良市杉ヶ町23,34.677427,135.821103,0742-26-8811,0742-26-8813,27,○,○,―,○,○,http://manabunara.jp/contents_detail.php?frmId=1,ボランティアの養成や生涯学習に関わる人々の交流等各種事業を開催すると同時に、生涯学習の拠点として、学習情報の収集や情報提供システムの普及、ギャラリーなどの施設提供を通じて、皆様のニーズに対応する施設をめざしています。 ,,,,,,,,,,,,
スポーツ・レクリエーション施設,青少年野外活動センター,奈良県奈良市阪原町25-1,34.713152,135.936577,0742-93-0029,0742-93-0029,80,○,―,―,○,―,http://www.city.nara.lg.jp/www/contents/1147755818249/index.html,青少年が自然と親しみ、自然観察、野外活動、研修など自由に自主的に活動するための施設です。青少年(3歳～25歳)を中心とした団体であれば、家族、地域グループなど幅広く利用できます。ただし、引率・指導者が必要です。活動内容は各グループで自由に計画してください。ただし、全てが自主活動で食事も自炊です。,,,,,,,,,,,,
スポーツ・レクリエーション施設,黒髪山キャンプフィールド,奈良県奈良市奈良阪町1731,34.700826,135.813852,0742-71-8730,―,32,○,―,―,○,―,http://www.city.nara.lg.jp/www/contents/1147775897779/index.html,自然環境の中での野外活動、レクリエーション等を通じて青少年の心身の健全な育成を図るためのキャンプ場です。青少年(3歳～25歳)を中心とした団体であれば、家族、地域グループなど幅広く利用できます。ただし、テント等は全て持ち込みで食事も自炊です。,,,,,,,,,,,,
文化・生涯学習施設(公民館以外),史料保存館,奈良県奈良市脇戸町1-1,34.677756,135.829202,0742-27-0169,―,0,○,○,―,―,―,http://www.city.nara.lg.jp/www/contents/1428987559569/index.html,奈良市に残る古文書や歴史資料の収集、調査、保管、展示などを行っています。,,,,,,,,,,,,
文化・生涯学習施設(公民館以外),上深川歴史民俗資料館,奈良県奈良市上深川町511,34.64348,135.984171,―,―,0,○,―,―,―,―,http://www.city.nara.lg.jp/www/contents/1159406655208/,ユネスコ無形文化遺産・重要無形民俗文化財「題目立」の装束、器具と関連資料の収集、保管などを行っています。 ,,,,,,,,,,,,
文化・生涯学習施設(公民館以外),埋蔵文化財調査センター,奈良県奈良市大安寺西2-281,34.670286,135.803574,0742-33-1821,0742-33-1822,8,○,○,―,―,―,http://www.city.nara.lg.jp/www/genre/0000000000000/1148016308187/index.html,埋蔵文化財発掘調査、発掘調査で出土した遺物の整理作業・保管、展示会・講座・発掘調査体験などの公開活動,,,,,,,,,,,,
図書館,中央図書館,奈良県奈良市東寺林町38,34.679814,135.830993,0742-26-6101,0742-27-5550,28,○,○,○,○,―,http://www.city.nara.lg.jp/www/genre/0000000000000/1000000000931/index.html,市民の情報センターとして、幅広い図書資料の収集・保存とその提供を行い、読書活動の推進を図っています。,,,,,,,,,,,,
図書館,西部図書館,奈良県奈良市鶴舞西町1-21,34.705683,135.749983,0742-45-5669,0742-47-1849,24,○,○,○,○,―,http://www.city.nara.lg.jp/www/genre/0000000000000/1000000000936/index.html,市民の情報センターとして、幅広い図書資料の収集・保存とその提供を行い、読書活動の推進を図っています。,,,,,,,,,,,,
図書館,北部図書館,奈良県奈良市右京1-1-4北部会館4F,34.721911,135.790983,0742-72-2291,0742-72-2296,47,○,○,―,○,―,http://www.city.nara.lg.jp/www/genre/0000000000000/1000000000941/index.html,市民の情報センターとして、幅広い図書資料の収集・保存とその提供を行い、読書活動の推進を図っています。,,,,,,,,,,,,
給食センター,月ヶ瀬学校給食センター,奈良県奈良市月ヶ瀬尾山2350-1,34.71003,136.042885,0743-92-0704,―,20,○,―,―,―,―,―,―,,,,,,,,,,,,
給食センター,都祁学校給食センター,奈良県奈良市都祁友田町1798 ,34.604291,135.95185,0743-82-1691,―,10,○,―,―,―,―,http://www.hariinfo.jp/shop/facilities/429.html,―,,,,,,,,,,,,
バンビーホーム,飛鳥バンビーホーム,奈良県奈良市紀寺町785,34.675001,135.836305,0742-22-0567,―,―,○,○,―,―,―,―,"バンビーホームでは、保護者等が労働等により昼間家庭にいない世帯の児童の健全な育成を目的に、授業の終了した放課後及び春・夏・冬休み・土曜日等の学校休業日の家庭に代わる生活の場として、適切な遊びや指導を行います。
",,,,,,,,,,,,
バンビーホーム,済美バンビーホーム,奈良県奈良市西木辻町5-2,34.675372,135.823657,0742-26-1039,―,―,○,―,―,―,―,―,"バンビーホームでは、保護者等が労働等により昼間家庭にいない世帯の児童の健全な育成を目的に、授業の終了した放課後及び春・夏・冬休み・土曜日等の学校休業日の家庭に代わる生活の場として、適切な遊びや指導を行います。
",,,,,,,,,,,,
バンビーホーム,佐保バンビーホーム,奈良県奈良市法蓮町280-1,34.691115,135.820916,0742-22-8585,―,―,○,―,―,―,―,―,"バンビーホームでは、保護者等が労働等により昼間家庭にいない世帯の児童の健全な育成を目的に、授業の終了した放課後及び春・夏・冬休み・土曜日等の学校休業日の家庭に代わる生活の場として、適切な遊びや指導を行います。
",,,,,,,,,,,,
バンビーホーム,鼓阪バンビーホーム,奈良県奈良市雑司町97,34.692085,135.835757,0742-22-3883,―,―,○,○,―,―,―,―,"バンビーホームでは、保護者等が労働等により昼間家庭にいない世帯の児童の健全な育成を目的に、授業の終了した放課後及び春・夏・冬休み・土曜日等の学校休業日の家庭に代わる生活の場として、適切な遊びや指導を行います。
",,,,,,,,,,,,
バンビーホーム,大宮バンビーホーム,奈良県奈良市大宮町4-223-1,34.683768,135.810839,0742-33-3381,―,―,○,○,―,―,―,―,"バンビーホームでは、保護者等が労働等により昼間家庭にいない世帯の児童の健全な育成を目的に、授業の終了した放課後及び春・夏・冬休み・土曜日等の学校休業日の家庭に代わる生活の場として、適切な遊びや指導を行います。
",,,,,,,,,,,,
バンビーホーム,東市バンビーホーム,奈良県奈良市古市町268,34.656203,135.841334,0742-62-4343,―,―,○,○,―,―,―,―,"バンビーホームでは、保護者等が労働等により昼間家庭にいない世帯の児童の健全な育成を目的に、授業の終了した放課後及び春・夏・冬休み・土曜日等の学校休業日の家庭に代わる生活の場として、適切な遊びや指導を行います。
",,,,,,,,,,,,
バンビーホーム,鶴舞バンビーホーム,奈良県奈良市鶴舞東町2-1,34.706769,135.75301,0742-44-3080,―,―,○,○,―,―,―,―,"バンビーホームでは、保護者等が労働等により昼間家庭にいない世帯の児童の健全な育成を目的に、授業の終了した放課後及び春・夏・冬休み・土曜日等の学校休業日の家庭に代わる生活の場として、適切な遊びや指導を行います。
",,,,,,,,,,,,
バンビーホーム,伏見バンビーホーム,奈良県奈良市菅原町370,34.688056,135.775101,0742-43-1312,―,―,○,○,―,―,―,―,"バンビーホームでは、保護者等が労働等により昼間家庭にいない世帯の児童の健全な育成を目的に、授業の終了した放課後及び春・夏・冬休み・土曜日等の学校休業日の家庭に代わる生活の場として、適切な遊びや指導を行います。
",,,,,,,,,,,,
バンビーホーム,都跡バンビーホーム,奈良県奈良市四条大路5-6-1,34.680558,135.787946,0742-33-0761,―,―,○,○,―,―,―,―,"バンビーホームでは、保護者等が労働等により昼間家庭にいない世帯の児童の健全な育成を目的に、授業の終了した放課後及び春・夏・冬休み・土曜日等の学校休業日の家庭に代わる生活の場として、適切な遊びや指導を行います。
",,,,,,,,,,,,
バンビーホーム,平城バンビーホーム,奈良県奈良市秋篠町1394,34.710991,135.778301,0742-43-2007,―,―,○,○,―,―,―,―,"バンビーホームでは、保護者等が労働等により昼間家庭にいない世帯の児童の健全な育成を目的に、授業の終了した放課後及び春・夏・冬休み・土曜日等の学校休業日の家庭に代わる生活の場として、適切な遊びや指導を行います。
",,,,,,,,,,,,
バンビーホーム,富雄北バンビーホーム,奈良県奈良市富雄北1-13-6,34.696963,135.732603,0742-43-4724,―,―,○,○,―,―,―,―,"バンビーホームでは、保護者等が労働等により昼間家庭にいない世帯の児童の健全な育成を目的に、授業の終了した放課後及び春・夏・冬休み・土曜日等の学校休業日の家庭に代わる生活の場として、適切な遊びや指導を行います。
",,,,,,,,,,,,
バンビーホーム,鳥見バンビーホーム,奈良県奈良市鳥見町3-11-2,34.694811,135.724618,0742-43-4722,―,―,○,―,―,―,―,―,"バンビーホームでは、保護者等が労働等により昼間家庭にいない世帯の児童の健全な育成を目的に、授業の終了した放課後及び春・夏・冬休み・土曜日等の学校休業日の家庭に代わる生活の場として、適切な遊びや指導を行います。
",,,,,,,,,,,,
バンビーホーム,辰市バンビーホーム,奈良県奈良市西九条町1-7-1,34.658998,135.807012,0742-61-1260,―,―,○,―,―,―,―,―,"バンビーホームでは、保護者等が労働等により昼間家庭にいない世帯の児童の健全な育成を目的に、授業の終了した放課後及び春・夏・冬休み・土曜日等の学校休業日の家庭に代わる生活の場として、適切な遊びや指導を行います。
",,,,,,,,,,,,
バンビーホーム,六条バンビーホーム,奈良県奈良市六条2-14-1,34.670992,135.771401,0742-43-9066,―,―,○,○,―,―,―,―,"バンビーホームでは、保護者等が労働等により昼間家庭にいない世帯の児童の健全な育成を目的に、授業の終了した放課後及び春・夏・冬休み・土曜日等の学校休業日の家庭に代わる生活の場として、適切な遊びや指導を行います。
",,,,,,,,,,,,
バンビーホーム,右京バンビーホーム,奈良県奈良市右京4-11-1,34.721661,135.786407,0742-71-0835,―,―,○,―,―,―,―,―,"バンビーホームでは、保護者等が労働等により昼間家庭にいない世帯の児童の健全な育成を目的に、授業の終了した放課後及び春・夏・冬休み・土曜日等の学校休業日の家庭に代わる生活の場として、適切な遊びや指導を行います。
",,,,,,,,,,,,
バンビーホーム,登美ケ丘バンビーホーム,奈良県奈良市西登美ケ丘4-21-1,34.720265,135.738919,0742-46-0359,―,―,○,―,―,―,―,―,"バンビーホームでは、保護者等が労働等により昼間家庭にいない世帯の児童の健全な育成を目的に、授業の終了した放課後及び春・夏・冬休み・土曜日等の学校休業日の家庭に代わる生活の場として、適切な遊びや指導を行います。
",,,,,,,,,,,,
バンビーホーム,大安寺バンビーホーム,奈良県奈良市大安寺2-15-1,34.669031,135.811275,0742-61-7850,―,―,○,○,―,―,―,―,"バンビーホームでは、保護者等が労働等により昼間家庭にいない世帯の児童の健全な育成を目的に、授業の終了した放課後及び春・夏・冬休み・土曜日等の学校休業日の家庭に代わる生活の場として、適切な遊びや指導を行います。
",,,,,,,,,,,,
バンビーホーム,西大寺北バンビーホーム,奈良県奈良市西大寺赤田町1-6-1,34.699182,135.773497,0742-46-3151,―,―,○,○,―,―,―,―,"バンビーホームでは、保護者等が労働等により昼間家庭にいない世帯の児童の健全な育成を目的に、授業の終了した放課後及び春・夏・冬休み・土曜日等の学校休業日の家庭に代わる生活の場として、適切な遊びや指導を行います。
",,,,,,,,,,,,
バンビーホーム,明治バンビーホーム,奈良県奈良市北永井町414,34.656276,135.822416,0742-62-7318,―,―,○,○,―,―,―,―,"バンビーホームでは、保護者等が労働等により昼間家庭にいない世帯の児童の健全な育成を目的に、授業の終了した放課後及び春・夏・冬休み・土曜日等の学校休業日の家庭に代わる生活の場として、適切な遊びや指導を行います。
",,,,,,,,,,,,
バンビーホーム,青和バンビーホーム,奈良県奈良市百楽園4-1-1,34.70033,135.742919,0742-47-1783,―,―,○,○,―,―,―,―,"バンビーホームでは、保護者等が労働等により昼間家庭にいない世帯の児童の健全な育成を目的に、授業の終了した放課後及び春・夏・冬休み・土曜日等の学校休業日の家庭に代わる生活の場として、適切な遊びや指導を行います。
",,,,,,,,,,,,
バンビーホーム,神功バンビーホーム,奈良県奈良市神功2-2,34.720039,135.778312,0742-71-6392,―,―,○,○,―,―,―,―,"バンビーホームでは、保護者等が労働等により昼間家庭にいない世帯の児童の健全な育成を目的に、授業の終了した放課後及び春・夏・冬休み・土曜日等の学校休業日の家庭に代わる生活の場として、適切な遊びや指導を行います。
",,,,,,,,,,,,
バンビーホーム,大安寺西バンビーホーム,奈良県奈良市大安寺西1-342,34.674222,135.805675,0742-33-7782,―,―,○,○,―,―,―,―,"バンビーホームでは、保護者等が労働等により昼間家庭にいない世帯の児童の健全な育成を目的に、授業の終了した放課後及び春・夏・冬休み・土曜日等の学校休業日の家庭に代わる生活の場として、適切な遊びや指導を行います。
",,,,,,,,,,,,
バンビーホーム,朱雀バンビーホーム,奈良県奈良市朱雀6-10-1,34.716191,135.797991,0742-71-1244,―,―,○,○,―,―,―,―,"バンビーホームでは、保護者等が労働等により昼間家庭にいない世帯の児童の健全な育成を目的に、授業の終了した放課後及び春・夏・冬休み・土曜日等の学校休業日の家庭に代わる生活の場として、適切な遊びや指導を行います。
",,,,,,,,,,,,
バンビーホーム,三碓バンビーホーム,奈良県奈良市西千代ケ丘1-20-9,34.683249,135.741626,0742-44-0206,―,―,○,○,―,―,―,―,"バンビーホームでは、保護者等が労働等により昼間家庭にいない世帯の児童の健全な育成を目的に、授業の終了した放課後及び春・夏・冬休み・土曜日等の学校休業日の家庭に代わる生活の場として、適切な遊びや指導を行います。
",,,,,,,,,,,,
バンビーホーム,済美南バンビーホーム,奈良県奈良市南京終町676,34.664134,135.821552,0742-62-7591,―,―,○,○,―,―,―,―,"バンビーホームでは、保護者等が労働等により昼間家庭にいない世帯の児童の健全な育成を目的に、授業の終了した放課後及び春・夏・冬休み・土曜日等の学校休業日の家庭に代わる生活の場として、適切な遊びや指導を行います。
",,,,,,,,,,,,
バンビーホーム,あやめ池バンビーホーム,奈良県奈良市あやめ池南9-939-39,34.692807,135.757954,0742-48-2284,―,―,○,○,―,―,―,―,"バンビーホームでは、保護者等が労働等により昼間家庭にいない世帯の児童の健全な育成を目的に、授業の終了した放課後及び春・夏・冬休み・土曜日等の学校休業日の家庭に代わる生活の場として、適切な遊びや指導を行います。
",,,,,,,,,,,,
バンビーホーム,伏見南バンビーホーム,奈良県奈良市宝来5-2-1,34.680739,135.770056,0742-48-2254,―,―,○,○,―,―,―,―,"バンビーホームでは、保護者等が労働等により昼間家庭にいない世帯の児童の健全な育成を目的に、授業の終了した放課後及び春・夏・冬休み・土曜日等の学校休業日の家庭に代わる生活の場として、適切な遊びや指導を行います。
",,,,,,,,,,,,
バンビーホーム,平城西バンビーホーム,奈良県奈良市東登美ケ丘3-1093-1,34.714053,135.763931,0742-49-1972,―,―,○,○,―,―,―,―,"バンビーホームでは、保護者等が労働等により昼間家庭にいない世帯の児童の健全な育成を目的に、授業の終了した放課後及び春・夏・冬休み・土曜日等の学校休業日の家庭に代わる生活の場として、適切な遊びや指導を行います。
",,,,,,,,,,,,
バンビーホーム,鼓阪北バンビーホーム,奈良県奈良市青山9-3-1,34.708791,135.837394,0742-22-4502,―,―,○,○,―,―,―,―,"バンビーホームでは、保護者等が労働等により昼間家庭にいない世帯の児童の健全な育成を目的に、授業の終了した放課後及び春・夏・冬休み・土曜日等の学校休業日の家庭に代わる生活の場として、適切な遊びや指導を行います。
",,,,,,,,,,,,
バンビーホーム,佐保台バンビーホーム,奈良県奈良市佐保台3-902-341,34.710055,135.816591,0742-71-4602,―,―,○,―,―,―,―,―,"バンビーホームでは、保護者等が労働等により昼間家庭にいない世帯の児童の健全な育成を目的に、授業の終了した放課後及び春・夏・冬休み・土曜日等の学校休業日の家庭に代わる生活の場として、適切な遊びや指導を行います。
",,,,,,,,,,,,
バンビーホーム,富雄第三バンビーホーム,奈良県奈良市帝塚山南2-11-1,34.67582,135.732467,0742-41-0254,―,―,○,○,―,―,―,―,"バンビーホームでは、保護者等が労働等により昼間家庭にいない世帯の児童の健全な育成を目的に、授業の終了した放課後及び春・夏・冬休み・土曜日等の学校休業日の家庭に代わる生活の場として、適切な遊びや指導を行います。
",,,,,,,,,,,,
バンビーホーム,二名バンビーホーム,奈良県奈良市二名1-3716-1,34.708146,135.737131,0742-49-0638,―,―,○,○,―,―,―,―,"バンビーホームでは、保護者等が労働等により昼間家庭にいない世帯の児童の健全な育成を目的に、授業の終了した放課後及び春・夏・冬休み・土曜日等の学校休業日の家庭に代わる生活の場として、適切な遊びや指導を行います。
",,,,,,,,,,,,
バンビーホーム,佐保川バンビーホーム,奈良県奈良市法蓮町229-1,34.688718,135.815574,0742-36-5654,―,―,○,○,―,―,―,―,"バンビーホームでは、保護者等が労働等により昼間家庭にいない世帯の児童の健全な育成を目的に、授業の終了した放課後及び春・夏・冬休み・土曜日等の学校休業日の家庭に代わる生活の場として、適切な遊びや指導を行います。
",,,,,,,,,,,,
バンビーホーム,椿井バンビーホーム,奈良県奈良市椿井町25,34.680485,135.82821,0742-23-4645,―,―,○,―,―,―,―,―,"バンビーホームでは、保護者等が労働等により昼間家庭にいない世帯の児童の健全な育成を目的に、授業の終了した放課後及び春・夏・冬休み・土曜日等の学校休業日の家庭に代わる生活の場として、適切な遊びや指導を行います。
",,,,,,,,,,,,
バンビーホーム,左京バンビーホーム,奈良県奈良市左京3-1-1,34.713974,135.805941,0742-72-0632,―,―,○,―,―,―,―,―,"バンビーホームでは、保護者等が労働等により昼間家庭にいない世帯の児童の健全な育成を目的に、授業の終了した放課後及び春・夏・冬休み・土曜日等の学校休業日の家庭に代わる生活の場として、適切な遊びや指導を行います。
",,,,,,,,,,,,
バンビーホーム,富雄南バンビーホーム,奈良県奈良市中町4185,34.674484,135.749455,0742-41-3555,―,―,○,○,―,―,―,―,"バンビーホームでは、保護者等が労働等により昼間家庭にいない世帯の児童の健全な育成を目的に、授業の終了した放課後及び春・夏・冬休み・土曜日等の学校休業日の家庭に代わる生活の場として、適切な遊びや指導を行います。
",,,,,,,,,,,,
バンビーホーム,東登美ケ丘バンビーホーム,奈良県奈良市東登美ケ丘4-21-33,34.720649,135.756031,0742-43-2024,―,―,○,○,―,―,―,―,"バンビーホームでは、保護者等が労働等により昼間家庭にいない世帯の児童の健全な育成を目的に、授業の終了した放課後及び春・夏・冬休み・土曜日等の学校休業日の家庭に代わる生活の場として、適切な遊びや指導を行います。
",,,,,,,,,,,,
バンビーホーム,帯解バンビーホーム,奈良県奈良市柴屋町28-4,34.644723,135.829066,0742-64-2037,―,―,○,○,―,―,―,―,"バンビーホームでは、保護者等が労働等により昼間家庭にいない世帯の児童の健全な育成を目的に、授業の終了した放課後及び春・夏・冬休み・土曜日等の学校休業日の家庭に代わる生活の場として、適切な遊びや指導を行います。
",,,,,,,,,,,,
バンビーホーム,都祁バンビーホーム,奈良県奈良市都祁白石町974,34.604904,135.958867,0743-82-0600,―,―,○,○,―,―,―,―,"バンビーホームでは、保護者等が労働等により昼間家庭にいない世帯の児童の健全な育成を目的に、授業の終了した放課後及び春・夏・冬休み・土曜日等の学校休業日の家庭に代わる生活の場として、適切な遊びや指導を行います。
",,,,,,,,,,,,
バンビーホーム,月ヶ瀬バンビーホーム,奈良県奈良市月ヶ瀬尾山2350-1,34.710037,136.043391,0743-92-0085,―,―,○,○,―,―,―,―,"バンビーホームでは、保護者等が労働等により昼間家庭にいない世帯の児童の健全な育成を目的に、授業の終了した放課後及び春・夏・冬休み・土曜日等の学校休業日の家庭に代わる生活の場として、適切な遊びや指導を行います。
",,,,,,,,,,,,
バンビーホーム,柳生バンビーホーム,奈良県奈良市柳生下町138,34.737976,135.95098,0742-94-0224,―,―,○,―,―,―,―,―,"バンビーホームでは、保護者等が労働等により昼間家庭にいない世帯の児童の健全な育成を目的に、授業の終了した放課後及び春・夏・冬休み・土曜日等の学校休業日の家庭に代わる生活の場として、適切な遊びや指導を行います。
",,,,,,,,,,,,
バンビーホーム,田原バンビーホーム,奈良県奈良市横田町199-1,34.659395,135.911329,0742-81-0223,―,―,○,―,―,―,―,―,"バンビーホームでは、保護者等が労働等により昼間家庭にいない世帯の児童の健全な育成を目的に、授業の終了した放課後及び春・夏・冬休み・土曜日等の学校休業日の家庭に代わる生活の場として、適切な遊びや指導を行います。
",,,,,,,,,,,,
バンビーホーム,興東バンビーホーム,奈良県奈良市須川町1424,34.717387,135.911858,0742-95-0303,―,―,○,―,―,―,―,―,"バンビーホームでは、保護者等が労働等により昼間家庭にいない世帯の児童の健全な育成を目的に、授業の終了した放課後及び春・夏・冬休み・土曜日等の学校休業日の家庭に代わる生活の場として、適切な遊びや指導を行います。
",,,,,,,,,,,,
高等学校,一条高等学校,奈良県奈良市法華寺町1351,34.69246,135.810915,0742-33-7075,0742-34ｰ8809,0,○,○,―,○,○,http://www.naracity.ed.jp/ichijou-h/,―,,,,,,,,,,,,
消防・防災施設,防災センター,奈良県奈良市八条5-404-1,34.669419,135.801519,0742-35-1106,0742-35-1106,50,○,―,○,○,○,http://www.city.nara.lg.jp/www/contents/1147774255281/index.html,奈良市防災センターでは、体験学習、各種講習会をとおして災害時に不可欠な防災知識を学んでいただくことができます。あなたも防災の意識と行動力を高めるために、ぜひご来館下さい。,,,,,,,,,,,,
消防・防災施設,消防局・南消防署,奈良県奈良市八条5-404-1,34.669716,135.801039,0742-35-1199,0742-33-8436,0,○,―,―,○,―,http://www.city.nara.lg.jp/www/contents/1147771138905/index.html,各種災害対応、火災予防啓発、防火指導、届出申請等,,,,,,,,,,,,
消防・防災施設,南消防署西大寺分署,奈良県奈良市二条町2-1-1,34.693708,135.786128,0742-33-4605,―,1,○,―,―,○,―,http://www.city.nara.lg.jp/www/contents/1147771138905/index.html,各種災害対応、火災予防啓発、防火指導、届出申請等,,,,,,,,,,,,
消防・防災施設,中央消防署,奈良県奈良市西木辻町43,34.675129,135.821165,0742-22-7051,0742-22-7058,2,○,―,―,○,―,http://www.city.nara.lg.jp/www/contents/1147771138905/index.html,各種災害対応、火災予防啓発、防火指導、届出申請等,,,,,,,,,,,,
消防・防災施設,中央消防署佐保分署,奈良県奈良市法蓮町926-4,34.693496,135.823445,0742-22-7055,―,2,○,―,―,○,―,http://www.city.nara.lg.jp/www/contents/1147771138905/index.html,各種災害対応、火災予防啓発、防火指導、届出申請等,,,,,,,,,,,,
消防・防災施設,中央消防署南部分署,奈良県奈良市横井5-497-3,34.648414,135.832512,0742-61-7025,―,2,○,―,―,○,―,http://www.city.nara.lg.jp/www/contents/1147771138905/index.html,各種災害対応、火災予防啓発、防火指導、届出申請等,,,,,,,,,,,,
消防・防災施設,西消防署,奈良県奈良市鶴舞西町1-19,34.705188,135.749925,0742-45-7621,0742-45-7623,4,○,―,―,○,―,http://www.city.nara.lg.jp/www/contents/1147771138905/index.html,各種災害対応、火災予防啓発、防火指導、届出申請等,,,,,,,,,,,,
消防・防災施設,西消防署富雄分署,奈良県奈良市三碓6-10-40,34.683845,135.737381,0742-47-7119,―,2,○,―,―,○,―,http://www.city.nara.lg.jp/www/contents/1147771138905/index.html,各種災害対応、火災予防啓発、防火指導、届出申請等,,,,,,,,,,,,
消防・防災施設,北消防署,奈良県奈良市右京2-1-1,34.715112,135.791431,0742-71-9119,0742-71-9120,4,○,―,―,○,―,http://www.city.nara.lg.jp/www/contents/1147771138905/index.html,各種災害対応、火災予防啓発、防火指導、届出申請等,,,,,,,,,,,,
消防・防災施設,東消防署,奈良県奈良市針町647-1,34.611954,135.958902,0743-82-0513,0743-82-0524,2,○,―,―,○,―,http://www.city.nara.lg.jp/www/contents/1147771138905/index.html,各種災害対応、火災予防啓発、防火指導、届出申請等,,,,,,,,,,,,
消防・防災施設,東消防署東部分署,奈良県奈良市大柳生町1232,34.709413,135.933648,0742-93-0119,―,2,○,―,―,○,―,http://www.city.nara.lg.jp/www/contents/1147771138905/index.html,各種災害対応、火災予防啓発、防火指導、届出申請等,,,,,,,,,,,,
消防・防災施設,東消防署月ヶ瀬分署,奈良県奈良市月ヶ瀬尾山3395-2,34.710753,136.045649,0743-92-0945,―,2,○,―,―,○,―,http://www.city.nara.lg.jp/www/contents/1147771138905/index.html,各種災害対応、火災予防啓発、防火指導、届出申請等,,,,,,,,,,,,
